Descripcion,Marca,Compra Total,Ingreso Total,Pendiente,Estado,Fecha,Año,Marca_Unificada,Ingreso_Std
Espatula pintor laminada cabo plastico - 50 mm,BIASSONI,36.0,0.0,36.0,INCOMPLETO,2026-01-29,2026,BIASSONI,-0.45390350604947544
Aerosol smart paint aa blanco brillante  350ml/250g,DOBLE A - AE,72.0,72.0,0.0,FULL,2026-01-29,2026,DOBLE A,-0.3339914024543776
Pantalon cargo del norte mujer - pampero verde  talle 42,PAMPERO,2.0,0.0,2.0,INCOMPLETO,2026-01-29,2026,PAMPERO,-0.45390350604947544
Regulador glp c/1 man. (prop. y otros),FERROLAN,15.0,15.0,0.0,FULL,2026-01-29,2026,FERROLAN,-0.4289218178004967
Aerosol uso general negro mate 250 gr,TEKBOND,60.0,0.0,60.0,INCOMPLETO,2026-01-29,2026,TEKBOND,-0.45390350604947544
"Disco ""fenobond"" 115x22  36",DOBLE A - LIJ,2000.0,1000.0,1000.0,PARCIAL,2026-01-29,2026,DOBLE A,1.2115423772157727
Aerosol smart paint aa rojo  350 ml/250g,DOBLE A - AE,72.0,58.0,14.0,PARCIAL,2026-01-29,2026,DOBLE A,-0.3573076448200911
Balde plastico 12 lts. con pico,SINA,60.0,3.0,57.0,PARCIAL,2026-01-29,2026,SINA,-0.4489071683996797
Trapo de piso gris 48 x 62 aprox,SINA,2400.0,1186.0,1214.0,PARCIAL,2026-01-29,2026,SINA,1.5213153115031088
Bolsas 90 x120 cm amarillas 80 micrones,FASTER BAGS,3000.0,3000.0,0.0,FULL,2026-01-29,2026,FASTER BAGS,4.542434143746269
"Morsa de banco nº 8 - 8"" barbero (20)",BARBERO,2.0,1.0,1.0,PARCIAL,2026-01-29,2026,BARBERO,-0.4522380601662102
Polietileno negro premium 3 x 50 mt  micr 200 negro,AGROREDES,750.0,500.0,250.0,PARCIAL,2026-01-29,2026,AGROREDES,0.3788194355831486
"Cepillo circular trenzado m14 115x6xm14 (acero al carbono,metal,madera",NORTON,600.0,326.0,274.0,PARCIAL,2026-01-29,2026,NORTON,0.08903185189499545
Aerosol smart paint aa azul  350 ml/250g,DOBLE A - AE,72.0,72.0,0.0,FULL,2026-01-29,2026,DOBLE A,-0.3339914024543776
Aerosol smart paint aa verde  350 ml/250g,DOBLE A - AE,72.0,24.0,48.0,PARCIAL,2026-01-29,2026,DOBLE A,-0.4139328048511095
Bolsas 90 x120 cm rojas 80 micrones,FASTER BAGS,3000.0,3000.0,0.0,FULL,2026-01-29,2026,FASTER BAGS,4.542434143746269
Bolsas 90 x120 cm verdes 80 micrones,FASTER BAGS,3000.0,3000.0,0.0,FULL,2026-01-29,2026,FASTER BAGS,4.542434143746269
Candado bronce castle d/traba nº 40,FERRETERIA,40.0,40.0,0.0,FULL,2026-01-29,2026,FERRETERIA,-0.38728567071886555
Aerosol smart paint aa amarillo  350ml/250g,DOBLE A - AE,72.0,72.0,0.0,FULL,2026-01-29,2026,DOBLE A,-0.3339914024543776
Bolsa rafia 40 x 60,AGROMARC,3000.0,3000.0,0.0,FULL,2026-01-29,2026,AGROMARC,4.542434143746269
Soga trenzada 10 mm x metro,NAVEGANTE,500.0,500.0,0.0,FULL,2026-01-29,2026,NAVEGANTE,0.3788194355831486
"Morsa de banco con yunque 10"" barbero",BARBERO,4.0,4.0,0.0,FULL,2026-01-29,2026,BARBERO,-0.4472417225164145
Escuadra con sombrero bremen® 400x250mm din 875/1,BREMEN,10.0,10.0,0.0,FULL,2026-01-29,2026,BREMEN,-0.43724904721682295
Escuadra con sombrero bremen® 500x330mm din 875/1,BREMEN,10.0,10.0,0.0,FULL,2026-01-29,2026,BREMEN,-0.43724904721682295
Cinta metrica evel premiumblok - automatica 8 mts,EVEL,30.0,30.0,0.0,FULL,2026-01-29,2026,EVEL,-0.40394012955151803
Cinta metrica evel premiumblok - automatica 5 mts,EVEL,30.0,30.0,0.0,FULL,2026-01-29,2026,EVEL,-0.40394012955151803
Lapiz carpintero gardex carpintero,FERRETERIA,200.0,200.0,0.0,FULL,2026-01-29,2026,FERRETERIA,-0.12081432939642582
"Cabo madera pala 0,70 emp. plastica",FERRETERIA,40.0,40.0,0.0,FULL,2026-01-29,2026,FERRETERIA,-0.38728567071886555
"Abrazadera perfecto 7mm 8-12 (1/2"")",FERRETERIA,100.0,100.0,0.0,FULL,2026-01-29,2026,FERRETERIA,-0.28735891772295064
Mecha sds plus 5x -  10x250x310,BOSCH,10.0,4.0,6.0,PARCIAL,2026-01-19,2026,BOSCH,-0.4472417225164145
"Disco ""fenobond"" 178x22   36",DOBLE A - LIJ,2000.0,1890.0,110.0,PARCIAL,2026-01-19,2026,DOBLE A,2.6937892133218435
Martillo de carpintero mango fibra de vidrio 16oz,IRIMO,30.0,30.0,0.0,FULL,2026-01-19,2026,IRIMO,-0.40394012955151803
Detergente cristalino zap 5 l,SINA,550.0,547.0,3.0,PARCIAL,2026-01-19,2026,SINA,0.4570953920966153
Glade aerosol 360cc harmony,JHONSON,200.0,200.0,0.0,FULL,2026-01-19,2026,JHONSON,-0.12081432939642582
Glade aerosol 360cc flores tropical y coco,JHONSON,200.0,200.0,0.0,FULL,2026-01-19,2026,JHONSON,-0.12081432939642582
Bobina papel hoja simple 240 m x 20 cm    x rollo,SINA,2000.0,2000.0,0.0,FULL,2026-01-19,2026,SINA,2.8769882604810206
"Lima bremen® media caña  bastarda  12"" c/cabo y blister",BREMEN,15.0,15.0,0.0,FULL,2026-01-19,2026,BREMEN,-0.4289218178004967
Lampazo mopa algodon pabilo retorcido,SINA,50.0,50.0,0.0,FULL,2026-01-19,2026,SINA,-0.37063121188621306
Pincel profesional  (# 1500) s 1 nº 10,MATEZZ,500.0,500.0,0.0,FULL,2026-01-19,2026,MATEZZ,0.3788194355831486
Pincel elefante serie 1000 nº 15,EL GALGO,500.0,0.0,500.0,INCOMPLETO,2026-01-19,2026,EL GALGO,-0.45390350604947544
Cepillo de acero mango curvo 4x19,CALABRO,30.0,0.0,30.0,INCOMPLETO,2026-01-19,2026,CALABRO,-0.45390350604947544
Flap plano-fibra   180mm-g  40,BULONFER,300.0,300.0,0.0,FULL,2026-01-19,2026,BULONFER,0.045730258930099
Arnes a cremallera para careta y facial,FRAVIDA,20.0,0.0,20.0,INCOMPLETO,2026-01-19,2026,FRAVIDA,-0.45390350604947544
Fischer - mecha acero rapido  hss 338 red.9.5 f3 16.0 mm,FISCHER,30.0,0.0,30.0,INCOMPLETO,2026-01-19,2026,FISCHER,-0.45390350604947544
Mecha sds plus 5x -  12x150x210,BOSCH,10.0,0.0,10.0,INCOMPLETO,2026-01-19,2026,BOSCH,-0.45390350604947544
"Nivel biassoni torpedo 9"" b/magnetica",BIASSONI,20.0,3.0,17.0,PARCIAL,2026-01-19,2026,BIASSONI,-0.4489071683996797
Ventosa goma negra bufalo ven-01,SHADA,100.0,0.0,100.0,INCOMPLETO,2026-01-19,2026,SHADA,-0.45390350604947544
Mecha sds plus-1    6 x210,BOSCH,10.0,10.0,0.0,FULL,2026-01-19,2026,BOSCH,-0.43724904721682295
Wd-40® 311g,CAMPI,48.0,48.0,0.0,FULL,2026-01-19,2026,CAMPI,-0.3739621036527435
Escoba bicolor sina 7.5 cm base plastica,SINA,100.0,100.0,0.0,FULL,2026-01-19,2026,SINA,-0.28735891772295064
Pulverizador sina splash 1 lt aprox anatomico -  2101000002,GEN21,200.0,200.0,0.0,FULL,2026-01-19,2026,GEN21,-0.12081432939642582
Porta bobina industrial de pie,MAKROCORP,30.0,30.0,0.0,FULL,2026-01-19,2026,MAKROCORP,-0.40394012955151803
Maza forjada - 2000 grs - con cabo de fibra,BIASSONI,15.0,15.0,0.0,FULL,2026-01-19,2026,BIASSONI,-0.4289218178004967
Cabo escoba 1.20m palo con rosca pino madera - economico,SINA,200.0,200.0,0.0,FULL,2026-01-19,2026,SINA,-0.12081432939642582
Teflon alta densidad  3/4x10,LATYN - PLAS,200.0,200.0,0.0,FULL,2026-01-19,2026,LATYN - PLAS,-0.12081432939642582
Hoja sierra sin-par acero rap. 32 d,FERRETERIA,100.0,100.0,0.0,FULL,2026-01-19,2026,FERRETERIA,-0.28735891772295064
Trapo stokinete 100% algodon por 10kg,TRAPOSLIMP,60.0,60.0,0.0,FULL,2026-01-19,2026,TRAPOSLIMP,-0.3539767530535606
Polietileno negro premium 4 x 50 mt  micr 200 negro,AGROREDES,2000.0,2000.0,0.0,FULL,2026-01-19,2026,AGROREDES,2.8769882604810206
Cinta metrica evel premiumblok - automatica 5 mts,EVEL,50.0,50.0,0.0,FULL,2026-01-19,2026,EVEL,-0.37063121188621306
Cinta metrica evel premiumblok - automatica 10 mts,EVEL,50.0,50.0,0.0,FULL,2026-01-19,2026,EVEL,-0.37063121188621306
Cuchilla metalica retractil bremen® blist,BREMEN,20.0,20.0,0.0,FULL,2026-01-19,2026,BREMEN,-0.42059458838417046
"Disco de corte cd t42  master acero 115x3,0x22.2",DOBLE A - DIS,1000.0,1000.0,0.0,FULL,2026-01-19,2026,DOBLE A - DIS,1.2115423772157727
"Disco corte plano bna 12 177,8x1,6x22,2",NORTON,1500.0,1500.0,0.0,FULL,2026-01-19,2026,NORTON,2.044265318848397
Alambre lincoln merits-6 / 0.90 mm / 15.0-bpn-kg,LINCOLN CON,10.0,10.0,0.0,FULL,2026-01-19,2026,LINCOLN CON,-0.43724904721682295
Cinta aisladora doble a verde 18 x 10,DOBLE A - CIN,300.0,300.0,0.0,FULL,2026-01-19,2026,DOBLE A - CIN,0.045730258930099
Mandril promoline 13mm+vastago+tornillo,BOSCH,10.0,10.0,0.0,FULL,2026-01-19,2026,BOSCH,-0.43724904721682295
Mecha sds plus-1    8 x210,BOSCH,10.0,10.0,0.0,FULL,2026-01-19,2026,BOSCH,-0.43724904721682295
"Tenaza armador a3 - 300 mm (12"") - m/c - con dipping",BIASSONI,30.0,30.0,0.0,FULL,2026-01-19,2026,BIASSONI,-0.40394012955151803
Cuchara albañil biassoni  n° 8,BIASSONI,30.0,30.0,0.0,FULL,2026-01-19,2026,BIASSONI,-0.40394012955151803
"Llaves ajustable de tuerca central de 34 mm fosfatado 12"" - 300 mm",BAHCO,15.0,15.0,0.0,FULL,2026-01-19,2026,BAHCO,-0.4289218178004967
Balde voss 2000 albañil plastico negro,FERRETERIA,30.0,30.0,0.0,FULL,2026-01-19,2026,FERRETERIA,-0.40394012955151803
Glade aerosol 360cc potpurri,JHONSON,200.0,200.0,0.0,FULL,2026-01-19,2026,JHONSON,-0.12081432939642582
Blem aero madera original 360cc,JHONSON,600.0,600.0,0.0,FULL,2026-01-19,2026,JHONSON,0.5453640239096734
Franela sina 100% algodon 40*50,SINA,500.0,500.0,0.0,FULL,2026-01-19,2026,SINA,0.3788194355831486
Detergente concentrado 40% dx 111 - multiuso - 5l,SINA,50.0,50.0,0.0,FULL,2026-01-19,2026,SINA,-0.37063121188621306
Rodillo arte foam nº 16,EL GALGO,500.0,500.0,0.0,FULL,2026-01-19,2026,EL GALGO,0.3788194355831486
Cepillo circular trenzado 150 c6 eje 22 alamb 0.5,FPL,500.0,500.0,0.0,FULL,2026-01-19,2026,FPL,0.3788194355831486
Mecha / broca  a. rapido  a114 4.00mm,DORMER,30.0,30.0,0.0,FULL,2026-01-19,2026,DORMER,-0.40394012955151803
Mecha / broca  a. rapido  a114 5.00mm,DORMER,30.0,30.0,0.0,FULL,2026-01-19,2026,DORMER,-0.40394012955151803
Mecha / broca  a. rapido  a114 6.00mm,DORMER,30.0,30.0,0.0,FULL,2026-01-19,2026,DORMER,-0.40394012955151803
Mecha / broca  a. rapido  a114 8.00mm,DORMER,30.0,30.0,0.0,FULL,2026-01-19,2026,DORMER,-0.40394012955151803
Mecha / broca  a. rapido  a114 10.00mm,DORMER,30.0,30.0,0.0,FULL,2026-01-19,2026,DORMER,-0.40394012955151803
Mecha / broca  a. rapido  a114 12.00mm,DORMER,30.0,30.0,0.0,FULL,2026-01-19,2026,DORMER,-0.40394012955151803
Cinta transparente c292 48 x 40,DOBLE A - CIN,600.0,600.0,0.0,FULL,2026-01-19,2026,DOBLE A - CIN,0.5453640239096734
Disco flap ultra zir plastico ang 115x22 #40,DOBLE A - DIS,300.0,300.0,0.0,FULL,2026-01-19,2026,DOBLE A - DIS,0.045730258930099
Cinta 903 48 x 40,DOBLE A - CIN,600.0,600.0,0.0,FULL,2026-01-19,2026,DOBLE A - CIN,0.5453640239096734
Tubo de contacto m8x30mm diam 0.9,FERROLAN,20.0,20.0,0.0,FULL,2026-01-19,2026,FERROLAN,-0.42059458838417046
Cinta aisladora doble a negro 18 x 20,DOBLE A - CIN,500.0,500.0,0.0,FULL,2026-01-19,2026,DOBLE A - CIN,0.3788194355831486
Tapa de bidones standard,PRONEXT,30.0,10.0,20.0,PARCIAL,2025-12-02,2025,PRONEXT,-0.43724904721682295
Tapa amarilla standard antiventeo,PRONEXT,30.0,10.0,20.0,PARCIAL,2025-12-02,2025,PRONEXT,-0.43724904721682295
"Guia espiral 1,20 mm x 4,50 m especial",SUMIG,20.0,6.0,14.0,PARCIAL,2025-12-02,2025,SUMIG,-0.44391083074988397
Macho caja verde npt 3/4x14,BULONFER,5.0,2.0,3.0,PARCIAL,2025-12-02,2025,BULONFER,-0.450572614282945
Correa hormigonera a-33,DEPER,20.0,20.0,0.0,FULL,2025-12-02,2025,DEPER,-0.42059458838417046
Macho a/rap.npt 1/2x14,BULONFER,5.0,5.0,0.0,FULL,2025-12-02,2025,BULONFER,-0.4455762766331492
Macho a/rap.npt 3/4 x 14,BULONFER,5.0,5.0,0.0,FULL,2025-12-02,2025,BULONFER,-0.4455762766331492
Oring -004aro nitrilo pico antiventeo,PRONEXT,30.0,30.0,0.0,FULL,2025-12-02,2025,PRONEXT,-0.40394012955151803
Macho caja verde npt 1/2x14,BULONFER,5.0,4.0,1.0,PARCIAL,2025-12-02,2025,BULONFER,-0.4472417225164145
Rodillo arte foam nº 11,EL GALGO,1000.0,1000.0,0.0,FULL,2025-12-02,2025,EL GALGO,1.2115423772157727
Aceitex limpia contactos 440cc,FERRETERIA,6.0,6.0,0.0,FULL,2025-12-02,2025,FERRETERIA,-0.44391083074988397
"Tubo de contacto m-8 1,2 l 30mm",BAW,400.0,400.0,0.0,FULL,2025-12-02,2025,BAW,0.21227484725662382
Varilla er70s-3 merit jg-51 x caja de 5 kg,LINCOLN CON,300.0,300.0,0.0,FULL,2025-12-02,2025,LINCOLN CON,0.045730258930099
Pico bidones standard,PRONEXT,30.0,30.0,0.0,FULL,2025-12-02,2025,PRONEXT,-0.40394012955151803
Cinta metrica 5m x 25mm,IRIMO,36.0,36.0,0.0,FULL,2025-12-02,2025,IRIMO,-0.3939474542519265
Quita sarro y oxido gel 1l,MERCLIN,6.0,6.0,0.0,FULL,2025-12-02,2025,MERCLIN,-0.44391083074988397
Mr musculo crema floral,JHONSON,6.0,6.0,0.0,FULL,2025-12-02,2025,JHONSON,-0.44391083074988397
Mr musculo crema citrus,JHONSON,6.0,6.0,0.0,FULL,2025-12-02,2025,JHONSON,-0.44391083074988397
Mr musculo ext power gatillo 500 cc,JHONSON,6.0,6.0,0.0,FULL,2025-12-02,2025,JHONSON,-0.44391083074988397
Lapices de temperatura para 120°c,TEMPILSTIK,36.0,36.0,0.0,FULL,2025-12-02,2025,TEMPILSTIK,-0.3939474542519265
Cinta aisladora doble a negro 18 x 20,DOBLE A - CIN,300.0,300.0,0.0,FULL,2025-12-02,2025,DOBLE A - CIN,0.045730258930099
Cinta aisladora doble a verde 18 x 10,DOBLE A - CIN,200.0,200.0,0.0,FULL,2025-12-02,2025,DOBLE A - CIN,-0.12081432939642582
Busa wp/17/18/26 ø 12.7mm (1/2 # 8,FERROLAN,200.0,200.0,0.0,FULL,2025-12-02,2025,FERROLAN,-0.12081432939642582
"Broca escalonada hss 13 escalones 6-30mm (largo completo 93,5mm)",BOSCH,1.0,1.0,0.0,FULL,2025-12-02,2025,BOSCH,-0.4522380601662102
Mandril promoline 13mm+vastago+tornillo,BOSCH,10.0,10.0,0.0,FULL,2025-12-02,2025,BOSCH,-0.43724904721682295
Cuchilla metalica retractil bremen® blist,BREMEN,10.0,10.0,0.0,FULL,2025-12-02,2025,BREMEN,-0.43724904721682295
Macho caja roja ma 6x1.00,BULONFER,5.0,5.0,0.0,FULL,2025-12-02,2025,BULONFER,-0.4455762766331492
Macho caja roja ma 8x1.25,BULONFER,5.0,5.0,0.0,FULL,2025-12-02,2025,BULONFER,-0.4455762766331492
"Fischer - mecha acero rapido  hss din 338 f3  1,0 mm",FISCHER,10.0,10.0,0.0,FULL,2025-12-02,2025,FISCHER,-0.43724904721682295
"Fischer - mecha acero rapido  hss din 338 f3  3,0 mm",FISCHER,10.0,10.0,0.0,FULL,2025-12-02,2025,FISCHER,-0.43724904721682295
"Fischer - mecha acero rapido  hss din 338 f3  4,0 mm",FISCHER,10.0,10.0,0.0,FULL,2025-12-02,2025,FISCHER,-0.43724904721682295
"Fischer - mecha acero rapido  hss din 338 f3  6,0 mm",FISCHER,10.0,10.0,0.0,FULL,2025-12-02,2025,FISCHER,-0.43724904721682295
"Fischer - mecha acero rapido  hss din 338 f3  8,0 mm",FISCHER,10.0,10.0,0.0,FULL,2025-12-02,2025,FISCHER,-0.43724904721682295
"Fischer - mecha acero rapido  hss din 338 f3  10,0 mm",FISCHER,10.0,10.0,0.0,FULL,2025-12-02,2025,FISCHER,-0.43724904721682295
Fischer - mecha acero rapido  hss 338 red.9.5 f3 13.0 mm,FISCHER,10.0,10.0,0.0,FULL,2025-12-02,2025,FISCHER,-0.43724904721682295
Film stretch 0.5x350 virgen,AGROREDES,40.0,40.0,0.0,FULL,2025-12-02,2025,AGROREDES,-0.38728567071886555
Rodillo arte foam nº 07,EL GALGO,1000.0,1000.0,0.0,FULL,2025-12-02,2025,EL GALGO,1.2115423772157727
Rodillo arte foam nº 16,EL GALGO,1000.0,1030.0,-30.0,FULL,2025-12-02,2025,EL GALGO,1.26150575371373
Rod.galgo dorado nº 22,EL GALGO,30.0,30.0,0.0,FULL,2025-12-02,2025,EL GALGO,-0.40394012955151803
Aerosol uso general negro mate 250 gr,TEKBOND,72.0,72.0,0.0,FULL,2025-12-02,2025,TEKBOND,-0.3339914024543776
Aerosol smart paint aa rojo  350 ml/250g,DOBLE A - AE,72.0,72.0,0.0,FULL,2025-12-02,2025,DOBLE A,-0.3339914024543776
Teflon alta densidad  1/2x40,LATYN - PLAS,100.0,100.0,0.0,FULL,2025-12-02,2025,LATYN - PLAS,-0.28735891772295064
"Disco ""fenobond"" 178x22   36",DOBLE A - LIJ,1000.0,1000.0,0.0,FULL,2025-12-02,2025,DOBLE A,1.2115423772157727
Cepillo circular trenzado 150 c6 eje 22 alamb 0.5,FPL,500.0,500.0,0.0,FULL,2025-12-02,2025,FPL,0.3788194355831486
"Disco corte plano linea quantum 115,3x1,6x22,2",NORTON STD,1000.0,1000.0,0.0,FULL,2025-12-02,2025,NORTON STD,1.2115423772157727
Flap plano-fibra   115mm-g  40,BULONFER,500.0,500.0,0.0,FULL,2025-12-02,2025,BULONFER,0.3788194355831486
Disco flap ox zirconio r822 norzon fepa 40 180 x 22,NORTON STD,500.0,500.0,0.0,FULL,2025-12-02,2025,NORTON STD,0.3788194355831486
"Electrodo conarco 18 3,25 mm x kg",CONARCO,5000.0,5000.0,0.0,FULL,2025-12-02,2025,CONARCO,7.873325910276765
Discos de sierra circular - 184mm 7 1/4'' - 40 dientes atb - optiline,BOSCH,10.0,10.0,0.0,FULL,2025-12-02,2025,BOSCH,-0.43724904721682295
"Disco de corte cd t42  master acero 115x3,0x22.2",DOBLE A - DIS,1000.0,1000.0,0.0,FULL,2025-12-02,2025,DOBLE A - DIS,1.2115423772157727
Cinta metrica evel premiumblok - automatica 10 mts,EVEL,12.0,12.0,0.0,FULL,2025-12-02,2025,EVEL,-0.4339181554502925
Teflon alta densidad  1x10,LATYN - PLAS,100.0,100.0,0.0,FULL,2025-12-02,2025,LATYN - PLAS,-0.28735891772295064
Polietileno negro premium 3 x 50 mt  micr 200 negro,AGROREDES,1000.0,1000.0,0.0,FULL,2025-12-02,2025,AGROREDES,1.2115423772157727
"Disco corte plano linea quantum 177,8x1,6x22,2",NORTON STD,1200.0,1200.0,0.0,FULL,2025-12-02,2025,NORTON STD,1.5446315538688222
"Disco de corte t41  master acero 180x1,6x22,2",DOBLE A - DIS,1800.0,1800.0,0.0,FULL,2025-12-02,2025,DOBLE A - DIS,2.5438990838279714
Macho caja roja ma 10 x 1.50,BULONFER,5.0,5.0,0.0,FULL,2025-12-02,2025,BULONFER,-0.4455762766331492
,,0.0,0.0,0.0,,2025-12-02,2025,,-0.45390350604947544
Baterias 9 v,SICA,50.0,50.0,0.0,FULL,2025-11-08,2025,SICA,-0.37063121188621306
Cristal incoloro rectan.105x50,BULONFER,2000.0,2000.0,0.0,FULL,2025-11-08,2025,BULONFER,2.8769882604810206
Punta aletada miniflex  50 x 30  #40,CORMET,300.0,300.0,0.0,FULL,2025-11-08,2025,CORMET,0.045730258930099
"Llave biassoni   ajustable - 10""",BIASSONI,20.0,20.0,0.0,FULL,2025-11-08,2025,BIASSONI,-0.42059458838417046
Pilas aa -  blister de 4 unidades,SICA,100.0,54.0,46.0,PARCIAL,2025-11-08,2025,SICA,-0.36396942835315205
Disco centro deprimido 114x7,TYROLIT,500.0,500.0,0.0,FULL,2025-11-08,2025,TYROLIT,0.3788194355831486
Limpiador pisos marina zap 5l  -  desodorante,ZAP,300.0,300.0,0.0,FULL,2025-11-08,2025,ZAP,0.045730258930099
Limpiador pisos pino zap 5 t  -  desodorante,ZAP,300.0,300.0,0.0,FULL,2025-11-08,2025,ZAP,0.045730258930099
Cinta 903 48 x 40,DOBLE A - CIN,800.0,800.0,0.0,FULL,2025-11-08,2025,DOBLE A - CIN,0.878453200562723
"Electrodo kiswell  7018 -  2,60 mm   x kg",KISWELL,500.0,500.0,0.0,FULL,2025-11-08,2025,KISWELL,0.3788194355831486
"Electrodo kiswell  7018 -  3,20 mm  x kg",KISWELL,2000.0,2000.0,0.0,FULL,2025-11-08,2025,KISWELL,2.8769882604810206
"Alambre tubular lincoln e71t-1c en 1,2m (x rollo de 15kg)",LINCOLN EQU,50.0,50.0,0.0,FULL,2025-11-08,2025,LINCOLN,-0.37063121188621306
"Electrodo conarco 18 2,50 mm x kg",CONARCO,1500.0,1500.0,0.0,FULL,2025-11-08,2025,CONARCO,2.044265318848397
Varilla er70s-3 merit jg-51 x caja de 5 kg,LINCOLN CON,200.0,200.0,0.0,FULL,2025-11-08,2025,LINCOLN CON,-0.12081432939642582
Bolsas 90 x120 cm verdes 80 micrones,FASTER BAGS,1000.0,1000.0,0.0,FULL,2025-11-08,2025,FASTER BAGS,1.2115423772157727
Bolsas 90 x120 cm rojas 80 micrones,FASTER BAGS,1000.0,1000.0,0.0,FULL,2025-11-08,2025,FASTER BAGS,1.2115423772157727
Bolsas 90 x120 cm amarillas 80 micrones,FASTER BAGS,1000.0,1000.0,0.0,FULL,2025-11-08,2025,FASTER BAGS,1.2115423772157727
Film stretch 0.5x350 virgen,AGROREDES,30.0,30.0,0.0,FULL,2025-11-08,2025,AGROREDES,-0.40394012955151803
Teflon alta densidad  1x10,LATYN - PLAS,100.0,100.0,0.0,FULL,2025-11-08,2025,LATYN - PLAS,-0.28735891772295064
Teflon alta densidad  1/2x40,LATYN - PLAS,100.0,100.0,0.0,FULL,2025-11-08,2025,LATYN - PLAS,-0.28735891772295064
Wd-40® 155g,CAMPI,36.0,36.0,0.0,FULL,2025-11-08,2025,CAMPI,-0.3939474542519265
Candado sekur 40 estandard,SEKUR,30.0,30.0,0.0,FULL,2025-11-08,2025,SEKUR,-0.40394012955151803
Candado sekur 31 estandard,SEKUR,50.0,50.0,0.0,FULL,2025-11-08,2025,SEKUR,-0.37063121188621306
Pinza porta elect. helictor 600,HELICTOR,40.0,40.0,0.0,FULL,2025-11-08,2025,HELICTOR,-0.38728567071886555
"Disco corte plano linea quantum 115,3x1,6x22,2",NORTON STD,1500.0,1500.0,0.0,FULL,2025-11-08,2025,NORTON STD,2.044265318848397
Pinza porta masa helictor 600,HELICTOR,40.0,40.0,0.0,FULL,2025-11-08,2025,HELICTOR,-0.38728567071886555
"Disco de corte cd t42  master acero 115x3,0x22.2",DOBLE A - DIS,500.0,500.0,0.0,FULL,2025-11-08,2025,DOBLE A - DIS,0.3788194355831486
Disco plano tyrolit extra secur  178x1.6,TYROLIT,1000.0,1000.0,0.0,FULL,2025-11-08,2025,TYROLIT,1.2115423772157727
"Disco corte plano bna 12 177,8x1,6x22,2",NORTON,1000.0,1000.0,0.0,FULL,2025-11-08,2025,NORTON,1.2115423772157727
"Disco de corte cd t42  master acero 180x3,0x22,2",DOBLE A - DIS,300.0,300.0,0.0,FULL,2025-11-08,2025,DOBLE A - DIS,0.045730258930099
Disco flap ox zirconio r822 norzon fepa 40 180 x 22,NORTON STD,300.0,300.0,0.0,FULL,2025-11-08,2025,NORTON STD,0.045730258930099
Disco flap ox zirconio r822 norzon fepa 40 115 x 22,TEKBOND,300.0,300.0,0.0,FULL,2025-11-08,2025,TEKBOND,0.045730258930099
Punta aletada miniflex  70 x 30  #40,CORMET,300.0,300.0,0.0,FULL,2025-11-08,2025,CORMET,0.045730258930099
"Hoja tela esmeril ""doble a"" 60",DOBLE A - LIJ,300.0,300.0,0.0,FULL,2025-11-08,2025,DOBLE A,0.045730258930099
"Disco ""fenobond"" 178x22   36",DOBLE A - LIJ,500.0,500.0,0.0,FULL,2025-11-08,2025,DOBLE A,0.3788194355831486
Elect. tung. thorio ø 2.4mm x 175mm,FERROLAN,1000.0,1000.0,0.0,FULL,2025-11-08,2025,FERROLAN,1.2115423772157727
Busa wp/17/18/26 ø 12.7mm (1/2 # 8,FERROLAN,300.0,300.0,0.0,FULL,2025-11-08,2025,FERROLAN,0.045730258930099
Busa wp17/18/26 ø 11mm (7/16 ) # 7,FERROLAN,300.0,300.0,0.0,FULL,2025-11-08,2025,FERROLAN,0.045730258930099
Busa wp17/18/26 ø 10mm (3/8 ) # 6,FERROLAN,300.0,300.0,0.0,FULL,2025-11-08,2025,FERROLAN,0.045730258930099
Cuerpo de torcha 200a,FERROLAN,50.0,50.0,0.0,FULL,2025-11-08,2025,FERROLAN,-0.37063121188621306
Bolsa rafia 40 x 60,AGROMARC,900.0,900.0,0.0,FULL,2025-11-08,2025,AGROMARC,1.0449977888892479
Polietileno negro premium 3 x 50 mt  micr 200 negro,AGROREDES,2000.0,2000.0,0.0,FULL,2025-11-08,2025,AGROREDES,2.8769882604810206
"Nivel de aluminio - i-bean - 18""",BIASSONI,20.0,20.0,0.0,FULL,2025-11-08,2025,BIASSONI,-0.42059458838417046
"Nivel de aluminio - i-bean - 12""",BIASSONI,20.0,20.0,0.0,FULL,2025-11-08,2025,BIASSONI,-0.42059458838417046
Cinta metrica 5m x 25mm,IRIMO,20.0,20.0,0.0,FULL,2025-11-08,2025,IRIMO,-0.42059458838417046
Nivel biassoni -i-bean- 18'',BIASSONI,20.0,20.0,0.0,FULL,2025-11-08,2025,BIASSONI,-0.42059458838417046
"Llave biassoni   ajustable - 12""",BIASSONI,20.0,20.0,0.0,FULL,2025-11-08,2025,BIASSONI,-0.42059458838417046
Destornillador mango goma  pl (-) 6.5 (ø6x150mm)   bremen®,BREMEN,15.0,15.0,0.0,FULL,2025-11-08,2025,BREMEN,-0.4289218178004967
Cepillo de acero mango curvo 4x19,CALABRO,30.0,30.0,0.0,FULL,2025-11-08,2025,CALABRO,-0.40394012955151803
Juego de llaves allen extra largo mm y torx 18 pzas,BIASSONI,1.0,1.0,0.0,FULL,2025-11-08,2025,BIASSONI,-0.4522380601662102
Aerosol smart paint aa verde oscuro  350ml/250g,DOBLE A - AE,90.0,90.0,0.0,FULL,2025-11-08,2025,DOBLE A,-0.3040133765556031
Pincel elefante serie 1000 n° 10,EL GALGO,500.0,500.0,0.0,FULL,2025-11-08,2025,EL GALGO,0.3788194355831486
Difusor ø 2.4mm wp-17/18/26,FERROLAN,400.0,400.0,0.0,FULL,2025-11-08,2025,FERROLAN,0.21227484725662382
Pincel elefante serie 1000 nº 15,EL GALGO,500.0,500.0,0.0,FULL,2025-11-08,2025,EL GALGO,0.3788194355831486
Pincel elefante serie 1000 nº 20,EL GALGO,500.0,500.0,0.0,FULL,2025-11-08,2025,EL GALGO,0.3788194355831486
Pilas aaa - blister de 4 unidades,SICA,100.0,100.0,0.0,FULL,2025-11-08,2025,SICA,-0.28735891772295064
Mordaza ø 2.4mm wpm-17/18/26,FERROLAN,400.0,400.0,0.0,FULL,2025-11-08,2025,FERROLAN,0.21227484725662382
Regulador caudalimetro argon (linea industrial),FERROLAN,20.0,20.0,0.0,FULL,2025-11-08,2025,FERROLAN,-0.42059458838417046
Trapo de piso gris 48 x 62 aprox,SINA,1000.0,1000.0,0.0,FULL,2025-11-08,2025,SINA,1.2115423772157727
Rejilla california 45 x 42 aprox,SINA,1000.0,1000.0,0.0,FULL,2025-11-08,2025,SINA,1.2115423772157727
Raid mmm aerosol 5en1 360cc,JHONSON,600.0,600.0,0.0,FULL,2025-11-08,2025,JHONSON,0.5453640239096734
Glade aerosol 360cc flores tropical y coco,JHONSON,200.0,200.0,0.0,FULL,2025-11-08,2025,JHONSON,-0.12081432939642582
Glade aerosol 360cc potpurri,JHONSON,200.0,200.0,0.0,FULL,2025-11-08,2025,JHONSON,-0.12081432939642582
Glade aerosol 360cc mango tropical,JHONSON,200.0,200.0,0.0,FULL,2025-11-08,2025,JHONSON,-0.12081432939642582
Escoba sina 7 cm base plastica,SINA,50.0,50.0,0.0,FULL,2025-11-08,2025,SINA,-0.37063121188621306
Teflon alta densidad 3/4x40,LATYN - PLAS,100.0,100.0,0.0,FULL,2025-11-08,2025,LATYN - PLAS,-0.28735891772295064
"Nivel biassoni torpedo 9"" b/magnetica",BIASSONI,20.0,20.0,0.0,FULL,2025-11-08,2025,BIASSONI,-0.42059458838417046
Balde c/escurridor vileda,SINA,1.0,0.0,1.0,FULL,2025-11-08,2025,SINA,-0.45390350604947544
Escoba sina 7 cm base plastica,SINA,50.0,50.0,0.0,FULL,2025-11-08,2025,SINA,-0.37063121188621306
"Tanza de albañil - espesor 0,8 mm - largo 100 m",BIASSONI,100.0,100.0,0.0,FULL,2025-10-18,2025,BIASSONI,-0.28735891772295064
Cinta metrica evel premiumblok - automatica 10 mts,EVEL,30.0,30.0,0.0,FULL,2025-10-18,2025,EVEL,-0.40394012955151803
"Abrazadera perfecto 7mm 8-12 (1/2"")",FERRETERIA,200.0,200.0,0.0,FULL,2025-10-18,2025,FERRETERIA,-0.12081432939642582
Cesto de residuo rect pedal 30 l blanco - sanitario,SINA,1.0,1.0,0.0,FULL,2025-10-18,2025,SINA,-0.4522380601662102
"Pantalon cargo del norte hombre ""pampero""  verde t 46",PAMPERO,2.0,2.0,0.0,FULL,2025-10-18,2025,PAMPERO,-0.450572614282945
Camisa jeans pampero demin - azul suavisado t48,PAMPERO,2.0,2.0,0.0,FULL,2025-10-18,2025,PAMPERO,-0.450572614282945
Pinza porta masa helictor 600,HELICTOR,20.0,20.0,0.0,FULL,2025-10-18,2025,HELICTOR,-0.42059458838417046
Mecha hss (acero rapido)  ø 14.00mm  bremen®,BREMEN,5.0,5.0,0.0,FULL,2025-10-18,2025,BREMEN,-0.4455762766331492
Piedritas para chispero (hb),SEGUTECNIC,200.0,200.0,0.0,FULL,2025-10-18,2025,SEGUTECNIC,-0.12081432939642582
Punta aletada miniflex  50 x 30  #40,CORMET,200.0,200.0,0.0,FULL,2025-10-18,2025,CORMET,-0.12081432939642582
Disco flap ox zirconio r822 norzon fepa 40 115 x 22,TEKBOND,300.0,300.0,0.0,FULL,2025-10-18,2025,TEKBOND,0.045730258930099
Camisa jeans pampero demin - azul suavisado t46,PAMPERO,2.0,2.0,0.0,FULL,2025-10-18,2025,PAMPERO,-0.450572614282945
Camisa jeans pampero demin - azul suavisado t50,PAMPERO,2.0,2.0,0.0,FULL,2025-10-18,2025,PAMPERO,-0.450572614282945
Cinta 30 mts.art.3001 pintada,BULONFER,2.0,2.0,0.0,FULL,2025-10-18,2025,BULONFER,-0.450572614282945
Cinta 50 mts.art.5001 pintada,BULONFER,2.0,2.0,0.0,FULL,2025-10-18,2025,BULONFER,-0.450572614282945
Inflador de neumaticos con manometro (pistola) bremen,GEN21,3.0,3.0,0.0,FULL,2025-10-18,2025,GEN21,-0.4489071683996797
"Disco ""fenobond"" 178x22   36",DOBLE A - LIJ,500.0,500.0,0.0,FULL,2025-10-18,2025,DOBLE A,0.3788194355831486
Rueda neumatica p/hormigonera de nylon 400x80,MECANOBRA,20.0,20.0,0.0,FULL,2025-10-03,2025,MECANOBRA,-0.42059458838417046
Rueda neumatica de chapa p/carretilla,MECANOBRA,20.0,20.0,0.0,FULL,2025-10-03,2025,MECANOBRA,-0.42059458838417046
Candado sekur 50 estándar,SEKUR,10.0,10.0,0.0,FULL,2025-10-03,2025,SEKUR,-0.43724904721682295
Cinta metrica evel retroblok - automatica 5 mts,EVEL,20.0,20.0,0.0,FULL,2025-10-03,2025,EVEL,-0.42059458838417046
Cinta metrica evel profesional - acero amarillo - enrrollable 20 mt,EVEL,20.0,20.0,0.0,FULL,2025-10-03,2025,EVEL,-0.42059458838417046
"Nivel biassoni torpedo 9"" b/magnetica",BIASSONI,10.0,10.0,0.0,FULL,2025-10-03,2025,BIASSONI,-0.43724904721682295
Mandril promoline 13mm+vastago+tornillo,BOSCH,10.0,10.0,0.0,FULL,2025-10-03,2025,BOSCH,-0.43724904721682295
"Disco corte plano linea quantum 115,3x1,6x22,2",NORTON STD,3000.0,3000.0,0.0,FULL,2025-10-03,2025,NORTON STD,4.542434143746269
Disco flap ultra zir plastico ang 115x22 #40,DOBLE A - DIS,500.0,500.0,0.0,FULL,2025-10-03,2025,DOBLE A - DIS,0.3788194355831486
Cepillo trenzado circular 115- rosca m14- 12500 rpm,ALIAFOR - PE,500.0,500.0,0.0,FULL,2025-10-03,2025,ALIAFOR - PE,0.3788194355831486
Aerosol smart paint aa negro brillante  350ml/250g,DOBLE A - AE,72.0,72.0,0.0,FULL,2025-10-03,2025,DOBLE A,-0.3339914024543776
Aerosol smart paint aa blanco brillante  350ml/250g,DOBLE A - AE,72.0,72.0,0.0,FULL,2025-10-03,2025,DOBLE A,-0.3339914024543776
Aerosol smart paint aa rojo  350 ml/250g,DOBLE A - AE,72.0,72.0,0.0,FULL,2025-10-03,2025,DOBLE A,-0.3339914024543776
Cinta aisladora doble a negro 18 x 20,DOBLE A - CIN,300.0,300.0,0.0,FULL,2025-10-03,2025,DOBLE A - CIN,0.045730258930099
Cinta aisladora doble a azul 18 x 10,DOBLE A - CIN,200.0,200.0,0.0,FULL,2025-10-03,2025,DOBLE A - CIN,-0.12081432939642582
Cinta aisladora doble a rojo 18 x 10,DOBLE A - CIN,200.0,200.0,0.0,FULL,2025-10-03,2025,DOBLE A - CIN,-0.12081432939642582
Punta aletada miniflex  70 x 30  #40,CORMET,300.0,300.0,0.0,FULL,2025-10-03,2025,CORMET,0.045730258930099
Varilla er70s-3 merit jg-51 x caja de 5 kg,LINCOLN CON,200.0,200.0,0.0,FULL,2025-10-03,2025,LINCOLN CON,-0.12081432939642582
Film stretch 0.5x350 virgen,AGROREDES,40.0,40.0,0.0,FULL,2025-10-03,2025,AGROREDES,-0.38728567071886555
Bolsas 90 x120 cm rojas 80 micrones,FASTER BAGS,1000.0,1000.0,0.0,FULL,2025-10-03,2025,FASTER BAGS,1.2115423772157727
Bolsas 90 x120 cm verdes 80 micrones,FASTER BAGS,1000.0,1000.0,0.0,FULL,2025-10-03,2025,FASTER BAGS,1.2115423772157727
Bolsas 90 x120 cm amarillas 80 micrones,FASTER BAGS,1000.0,1000.0,0.0,FULL,2025-10-03,2025,FASTER BAGS,1.2115423772157727
Tobera unica corta 15.00 mm rosca cuadrada 3p,SUMIG,200.0,200.0,0.0,FULL,2025-10-03,2025,SUMIG,-0.12081432939642582
Tanza albañil gardex 0.80mm x 100m. carretel,FERRETERIA,100.0,100.0,0.0,FULL,2025-10-03,2025,FERRETERIA,-0.28735891772295064
Cinta 903 48 x 40 (x20 und),DOBLE A - CIN,300.0,300.0,0.0,FULL,2025-10-03,2025,DOBLE A - CIN,0.045730258930099
Cinta transparente c292 48 x 40,DOBLE A - CIN,300.0,300.0,0.0,FULL,2025-10-03,2025,DOBLE A - CIN,0.045730258930099
Cuchilla metalica retractil bremen® blist,BREMEN,10.0,10.0,0.0,FULL,2025-10-03,2025,BREMEN,-0.43724904721682295
"Broca escalonada hss 13 escalones 6-30mm (largo completo 93,5mm)",BOSCH,2.0,2.0,0.0,FULL,2025-10-03,2025,BOSCH,-0.450572614282945
Punta para atornillar - phillips - #2 x 50mm - x 3u,BOSCH,10.0,10.0,0.0,FULL,2025-10-03,2025,BOSCH,-0.43724904721682295
Candado de bronce cr-60 doble traba papaiz,PROTEC,5.0,5.0,0.0,FULL,2025-10-03,2025,PROTEC,-0.4455762766331492
Pulverizador sina® 1 l aprox. cilindrico,SINA,100.0,100.0,0.0,FULL,2025-10-03,2025,SINA,-0.28735891772295064
Franela sina 100% algodon 40*50,SINA,500.0,500.0,0.0,FULL,2025-10-03,2025,SINA,0.3788194355831486
Blem aero madera original 360cc,JHONSON,720.0,720.0,0.0,FULL,2025-10-03,2025,JHONSON,0.7452175299015033
,,0.0,0.0,0.0,,2025-10-03,2025,,-0.45390350604947544
,,0.0,0.0,0.0,,2025-10-03,2025,,-0.45390350604947544
,,0.0,0.0,0.0,,2025-10-03,2025,,-0.45390350604947544
,,0.0,0.0,0.0,,2025-10-03,2025,,-0.45390350604947544
Candado de bronce cr-40 doble traba papaiz,PROTEC,20.0,20.0,0.0,FULL,2025-07-28,2025,PROTEC,-0.42059458838417046
Candado hierro castle 50mm doble traba,CASTLE,10.0,10.0,0.0,FULL,2025-07-28,2025,CASTLE,-0.43724904721682295
Candado de bronce cr-60 doble traba papaiz,PROTEC,5.0,5.0,0.0,FULL,2025-07-28,2025,PROTEC,-0.4455762766331492
Cinta metrica evel premiumblok - automatica 8 mts,EVEL,20.0,20.0,0.0,FULL,2025-07-28,2025,EVEL,-0.42059458838417046
Cinta metrica evel retroblok - automatica 5 mts,EVEL,20.0,20.0,0.0,FULL,2025-07-28,2025,EVEL,-0.42059458838417046
"Nivel biassoni torpedo 9"" b/magnetica",BIASSONI,10.0,10.0,0.0,FULL,2025-07-28,2025,BIASSONI,-0.43724904721682295
Destornillador mango goma  ph (+) #2 (ø6x125mm)  bremen®,BREMEN,15.0,15.0,0.0,FULL,2025-07-28,2025,BREMEN,-0.4289218178004967
"Alicate corte oblicuo linea haus 6""",BREMEN,10.0,10.0,0.0,FULL,2025-07-28,2025,BREMEN,-0.43724904721682295
"Abrazadera perfecto 7mm 8-12 (1/2"")",FERRETERIA,200.0,200.0,0.0,FULL,2025-07-28,2025,FERRETERIA,-0.12081432939642582
"Abrazadera imp. 14-27mm - 1""",FERRETERIA,200.0,200.0,0.0,FULL,2025-07-28,2025,FERRETERIA,-0.12081432939642582
Kwb - mandril 13 mm,KWB,10.0,10.0,0.0,FULL,2025-07-28,2025,KWB,-0.43724904721682295
Pilas aaa - blister de 4 unidades,SICA,75.0,75.0,0.0,FULL,2025-07-28,2025,SICA,-0.32899506480458185
Pilas aa -  blister de 4 unidades,SICA,75.0,75.0,0.0,FULL,2025-07-28,2025,SICA,-0.32899506480458185
Baterias 9 v,SICA,30.0,30.0,0.0,FULL,2025-07-28,2025,SICA,-0.40394012955151803
"Disco de corte t41  master acero 115x1,6x22,2",DOBLE A - DIS,3000.0,3000.0,0.0,PARCIAL,2025-07-28,2025,DOBLE A - DIS,4.542434143746269
"Disco de corte cd t42  master acero 115x3,0x22.2",DOBLE A - DIS,500.0,500.0,0.0,FULL,2025-07-28,2025,DOBLE A - DIS,0.3788194355831486
"Disco corte plano bna 12 177,8x1,6x22,2",NORTON,2000.0,2000.0,0.0,FULL,2025-07-28,2025,NORTON,2.8769882604810206
"Disco de corte t41  master acero 180x1,6x22,2",DOBLE A - DIS,1000.0,1000.0,0.0,FULL,2025-07-28,2025,DOBLE A - DIS,1.2115423772157727
Aerosol smart paint aa blanco brillante  350ml/250g,DOBLE A - AE,72.0,72.0,0.0,FULL,2025-07-28,2025,DOBLE A,-0.3339914024543776
Aerosol smart paint aa rojo  350 ml/250g,DOBLE A - AE,72.0,72.0,0.0,FULL,2025-07-28,2025,DOBLE A,-0.3339914024543776
Aerosol smart paint aa amarillo  350ml/250g,DOBLE A - AE,72.0,72.0,0.0,FULL,2025-07-28,2025,DOBLE A,-0.3339914024543776
Aerosol smart paint aa celeste  350 ml/250g,DOBLE A - AE,72.0,72.0,0.0,FULL,2025-07-28,2025,DOBLE A,-0.3339914024543776
Aerosol smart paint aa naranja  350 ml/250g,DOBLE A - AE,72.0,72.0,0.0,FULL,2025-07-28,2025,DOBLE A,-0.3339914024543776
Aerosol smart paint aa rosa  350 ml/250g,DOBLE A - AE,72.0,72.0,0.0,FULL,2025-07-28,2025,DOBLE A,-0.3339914024543776
Aerosol smart paint aa verde  350 ml/250g,DOBLE A - AE,72.0,72.0,0.0,FULL,2025-07-28,2025,DOBLE A,-0.3339914024543776
Cinta aisladora doble a negro 18 x 20,DOBLE A - CIN,200.0,200.0,0.0,FULL,2025-07-28,2025,DOBLE A - CIN,-0.12081432939642582
Cinta aisladora doble a verde 18 x 10,DOBLE A - CIN,200.0,200.0,0.0,FULL,2025-07-28,2025,DOBLE A - CIN,-0.12081432939642582
Cinta aisladora doble a azul 18 x 10,DOBLE A - CIN,200.0,200.0,0.0,FULL,2025-07-28,2025,DOBLE A - CIN,-0.12081432939642582
Cinta aisladora doble a rojo 18 x 10,DOBLE A - CIN,200.0,200.0,0.0,FULL,2025-07-28,2025,DOBLE A - CIN,-0.12081432939642582
Cinta pvc tacsa aislante 20 mt. amarilla,FERRETERIA,200.0,200.0,0.0,FULL,2025-07-28,2025,FERRETERIA,-0.12081432939642582
"Alambre tubular lincoln e71t-1c en 1,2m (x rollo de 15kg)",LINCOLN EQU,50.0,50.0,0.0,FULL,2025-07-28,2025,LINCOLN,-0.37063121188621306
Repuesto jabonera estacion lavamanos,INDUQUEN,32.0,32.0,0.0,FULL,2025-07-28,2025,INDUQUEN,-0.4006092377849875
Repuesto bacha estacion lavamanos,INDUQUEN,32.0,32.0,0.0,FULL,2025-07-28,2025,INDUQUEN,-0.4006092377849875
Repuesto bomba lavamanos,INDUQUEN,32.0,32.0,0.0,FULL,2025-07-28,2025,INDUQUEN,-0.4006092377849875
Repuesto pico  lavamanos,INDUQUEN,32.0,32.0,0.0,FULL,2025-07-28,2025,INDUQUEN,-0.4006092377849875
Puntas montadas a.1 gris,CORMET,250.0,250.0,0.0,FULL,2025-07-28,2025,CORMET,-0.03754203523316341
Puntas montadas a.2 gris,CORMET,250.0,250.0,0.0,FULL,2025-07-28,2025,CORMET,-0.03754203523316341
Puntas montadas a.3 gris,CORMET,250.0,250.0,0.0,FULL,2025-07-28,2025,CORMET,-0.03754203523316341
Busa wp17/18/26 ø 11mm (7/16 ) # 7,FERROLAN,200.0,200.0,0.0,FULL,2025-07-28,2025,FERROLAN,-0.12081432939642582
Busa wp17/18/26 ø 10mm (3/8 ) # 6,FERROLAN,200.0,200.0,0.0,FULL,2025-07-28,2025,FERROLAN,-0.12081432939642582
Busa wp/17/18/26 ø 12.7mm (1/2 # 8,FERROLAN,200.0,200.0,0.0,FULL,2025-07-28,2025,FERROLAN,-0.12081432939642582
Punta aletada miniflex  50 x 30  #40,CORMET,300.0,300.0,0.0,FULL,2025-07-28,2025,CORMET,0.045730258930099
Punta aletada miniflex  70 x 30  #40,CORMET,300.0,300.0,0.0,FULL,2025-07-28,2025,CORMET,0.045730258930099
Piedritas para chispero (hb),SEGUTECNIC,100.0,100.0,0.0,FULL,2025-07-28,2025,SEGUTECNIC,-0.28735891772295064
Manguera industrial (traslucido) 12 x 18 mm 50 mts,TECNOCOM,250.0,250.0,0.0,FULL,2025-07-28,2025,TECNOCOM,-0.03754203523316341
"Electrodo kiswell  7018 -  3,20 mm  x kg",KISWELL,3000.0,3000.0,0.0,FULL,2025-07-28,2025,KISWELL,4.542434143746269
Espuma poliuretano expansible beige 500ml/360gr,TEKBOND,10.0,10.0,0.0,FULL,2025-07-28,2025,TEKBOND,-0.43724904721682295
La gotita® pomo 2ml,CAMPI,10.0,10.0,0.0,FULL,2025-07-28,2025,CAMPI,-0.43724904721682295
Hss pointteq hex - juego de mechas p/metal 6mm 10 unidades,BOSCH,1.0,1.0,0.0,FULL,2025-07-28,2025,BOSCH,-0.4522380601662102
Hss pointteq hex - juego de mechas p/metal 12mm 5 unidades,BOSCH,2.0,2.0,0.0,FULL,2025-07-28,2025,BOSCH,-0.450572614282945
"Hss pointteq hex, 8mm, 5 pzs",BOSCH,2.0,2.0,0.0,FULL,2025-07-28,2025,BOSCH,-0.450572614282945
"Fischer - mecha acero rapido  hss din 338 f3  10,50 mm",FISCHER,10.0,10.0,0.0,FULL,2025-07-28,2025,FISCHER,-0.43724904721682295
Mecha / broca  a. rapido  a114 13.00mm,DORMER,10.0,10.0,0.0,FULL,2025-07-28,2025,DORMER,-0.43724904721682295
Mecha hss (acero rapido)  ø 14.00mm  bremen®,BREMEN,10.0,10.0,0.0,FULL,2025-07-28,2025,BREMEN,-0.43724904721682295
Wd-40® 155g,CAMPI,40.0,40.0,0.0,FULL,2025-07-28,2025,CAMPI,-0.38728567071886555
Mecha hss (acero rapido)  ø 16.00mm  bremen®,BREMEN,5.0,5.0,0.0,FULL,2025-07-28,2025,BREMEN,-0.4455762766331492
Mecha hss (acero rapido)  ø 18.00mm  bremen®,BREMEN,5.0,5.0,0.0,FULL,2025-07-28,2025,BREMEN,-0.4455762766331492
Hilo entizado (chocla) 30mts con 100gs de tiza,FERRETERIA,20.0,20.0,0.0,FULL,2025-06-28,2025,FERRETERIA,-0.42059458838417046
Candado hierro castle 40mm doble traba,CASTLE,20.0,20.0,0.0,FULL,2025-06-28,2025,CASTLE,-0.42059458838417046
Wd-40® 155g,CAMPI,40.0,40.0,0.0,FULL,2025-06-28,2025,CAMPI,-0.38728567071886555
"Llave biassoni   ajustable - 12""",BIASSONI,15.0,15.0,0.0,FULL,2025-06-28,2025,BIASSONI,-0.4289218178004967
Fischer - silicona neutra transparente x 260 ml,FISCHER,10.0,10.0,0.0,FULL,2025-06-28,2025,FISCHER,-0.43724904721682295
Destornillador mango goma  ph (+) #2 (ø6x125mm)  bremen®,BREMEN,15.0,15.0,0.0,FULL,2025-06-28,2025,BREMEN,-0.4289218178004967
"Pinza universal - 8""",BIASSONI,15.0,15.0,0.0,FULL,2025-06-28,2025,BIASSONI,-0.4289218178004967
"Nivel biassoni torpedo 9"" b/magnetica",BIASSONI,15.0,15.0,0.0,FULL,2025-06-28,2025,BIASSONI,-0.4289218178004967
Tanza albañil gardex 0.80mm x 100m. carretel,FERRETERIA,100.0,100.0,0.0,FULL,2025-06-28,2025,FERRETERIA,-0.28735891772295064
Cinta metrica evel retroblok - automatica 5 mts,EVEL,30.0,30.0,0.0,FULL,2025-06-28,2025,EVEL,-0.40394012955151803
"Nivel de aluminio - i-bean - 12""",BIASSONI,15.0,15.0,0.0,FULL,2025-06-28,2025,BIASSONI,-0.4289218178004967
"Abrazadera perfecto 7mm 8-12 (1/2"")",FERRETERIA,100.0,100.0,0.0,FULL,2025-06-28,2025,FERRETERIA,-0.28735891772295064
"Pinza biassoni pico loro multifix 10""",BIASSONI,10.0,10.0,0.0,FULL,2025-06-28,2025,BIASSONI,-0.43724904721682295
Cesto de residuo rect pedal 30 l azul papel carton,SINA,2.0,2.0,0.0,FULL,2025-06-28,2025,SINA,-0.450572614282945
"Pantalon cargo fit ""pampero""  verde t 42",PAMPERO,2.0,2.0,0.0,FULL,2025-06-28,2025,PAMPERO,-0.450572614282945
Camisa jeans pampero demin - azul suavisado t50,PAMPERO,2.0,2.0,0.0,FULL,2025-06-28,2025,PAMPERO,-0.450572614282945
Cuchilla metalica retractil bremen® blist,BREMEN,10.0,10.0,0.0,FULL,2025-06-28,2025,BREMEN,-0.43724904721682295
Pilas aa -  blister de 4 unidades,SICA,25.0,25.0,0.0,FULL,2025-06-28,2025,SICA,-0.4122673589678443
Cinta aisladora doble a negro 18 x 20,DOBLE A - CIN,250.0,250.0,0.0,FULL,2025-06-28,2025,DOBLE A - CIN,-0.03754203523316341
Cinta aisladora doble a verde 18 x 10,DOBLE A - CIN,200.0,200.0,0.0,FULL,2025-06-28,2025,DOBLE A - CIN,-0.12081432939642582
Cinta aisladora doble a azul 18 x 10,DOBLE A - CIN,200.0,200.0,0.0,FULL,2025-06-28,2025,DOBLE A - CIN,-0.12081432939642582
Cinta aisladora doble a rojo 18 x 10,DOBLE A - CIN,200.0,200.0,0.0,FULL,2025-06-28,2025,DOBLE A - CIN,-0.12081432939642582
Cinta pvc tacsa aislante 20 mt. amarilla,FERRETERIA,200.0,200.0,0.0,FULL,2025-06-28,2025,FERRETERIA,-0.12081432939642582
"Fischer - mecha acero rapido  hss din 338 f3  8,50 mm",FISCHER,10.0,10.0,0.0,FULL,2025-06-28,2025,FISCHER,-0.43724904721682295
Llave para mandril 13 mm dogo,DOGO,5.0,5.0,0.0,FULL,2025-06-28,2025,DOGO,-0.4455762766331492
Pincel elefante serie 1000 nº 10,EL GALGO,1000.0,1000.0,0.0,FULL,2025-06-28,2025,EL GALGO,1.2115423772157727
Pincel elefante serie 1000 nº 15,EL GALGO,1000.0,1000.0,0.0,FULL,2025-06-28,2025,EL GALGO,1.2115423772157727
Pincel elefante serie 1000 nº 20,EL GALGO,1000.0,1000.0,0.0,FULL,2025-06-28,2025,EL GALGO,1.2115423772157727
Pincel elefante serie 1000 nº 25,EL GALGO,1000.0,1000.0,0.0,FULL,2025-06-28,2025,EL GALGO,1.2115423772157727
Rodillo arte foam nº 07,EL GALGO,1000.0,1000.0,0.0,FULL,2025-06-28,2025,EL GALGO,1.2115423772157727
Rodillo arte foam nº 11,EL GALGO,1000.0,1000.0,0.0,FULL,2025-06-28,2025,EL GALGO,1.2115423772157727
Rodillo arte foam nº 16,EL GALGO,1000.0,1000.0,0.0,FULL,2025-06-28,2025,EL GALGO,1.2115423772157727
Mecha hss (acero rapido)  ø 18.00mm  bremen®,BREMEN,3.0,3.0,0.0,FULL,2025-06-28,2025,BREMEN,-0.4489071683996797
Mecha hss (acero rapido)  ø 20.00mm  bremen®,BREMEN,3.0,3.0,0.0,FULL,2025-06-28,2025,BREMEN,-0.4489071683996797
"Cable antilatigo de 1/8"" x 480 mm ac",,40.0,40.0,0.0,FULL,2025-06-28,2025,,-0.38728567071886555
"Acople med. vuel. americ. sal. manguera 1/2""",OVNISA,20.0,20.0,0.0,FULL,2025-06-28,2025,OVNISA,-0.42059458838417046
"Acople med. vuel. americ. sal. manguera 3/4""",OVNISA,40.0,40.0,0.0,FULL,2025-06-28,2025,OVNISA,-0.38728567071886555
"Acople med. vuel. americ. sal. manguera 1""",OVNISA,20.0,20.0,0.0,FULL,2025-06-28,2025,OVNISA,-0.42059458838417046
Rueda neumatica 3.25 mm bujes 1/2-5/8-1 carretilla,FERRETERIA,20.0,20.0,0.0,FULL,2025-06-28,2025,FERRETERIA,-0.42059458838417046
,,0.0,0.0,0.0,,2025-06-28,2025,,-0.45390350604947544
,,0.0,0.0,0.0,,2025-06-28,2025,,-0.45390350604947544
Cinta metrica evel premiumblok - automatica 5 mts,EVEL,20.0,20.0,0.0,FULL,2025-06-02,2025,EVEL,-0.42059458838417046
Elect. tung. thorio ø 2.4mm x 175mm,FERRETERIA,20.0,20.0,0.0,FULL,2025-06-02,2025,FERRETERIA,-0.42059458838417046
Cinta 903 48 x 40,DOBLE A-CIN,500.0,500.0,0.0,FULL,2025-06-02,2025,DOBLE A-CIN,0.3788194355831486
Wd-40® 155g,CAMPI,20.0,20.0,0.0,FULL,2025-06-02,2025,CAMPI,-0.42059458838417046
Mordaza ø 2.4mm wpm-17/18/26,FERROLAN,400.0,400.0,0.0,FULL,2025-06-02,2025,FERROLAN,0.21227484725662382
Disco flap ultra zir plastico ang 115x22 #40,DOBLE A-CIN,400.0,400.0,0.0,FULL,2025-06-02,2025,DOBLE A-CIN,0.21227484725662382
Disco flap ox zirconio r822 norzon fepa 40 180 x 22,NORTON,400.0,400.0,0.0,FULL,2025-06-02,2025,NORTON,0.21227484725662382
"Disco corte plano linea quantum 115,3x1,6x22,2",NORTON,3000.0,3000.0,0.0,FULL,2025-06-02,2025,NORTON,4.542434143746269
"Disco corte plano linea quantum 177,8x1,6x22,2",NORTON,3000.0,3000.0,0.0,FULL,2025-06-02,2025,NORTON,4.542434143746269
"Disco de corte cd t42 master acero 115x3,0x22.2",DOBLE A-CIN,600.0,600.0,0.0,FULL,2025-06-02,2025,DOBLE A-CIN,0.5453640239096734
"Disco debaste dd t27 master acero115x5,0x22,2",DOBLE A-CIN,600.0,600.0,0.0,FULL,2025-06-02,2025,DOBLE A-CIN,0.5453640239096734
"Disco corte cent deprim bda 32 114,3x3,0x22,2",NORTON,400.0,400.0,0.0,FULL,2025-06-02,2025,NORTON,0.21227484725662382
Cepillo circular trenzado c9 m/n rosca 14,FPL,500.0,500.0,0.0,FULL,2025-06-02,2025,FPL,0.3788194355831486
Cepillo circular trenzado 150 c6 eje 22 alamb 0.5,FPL,500.0,500.0,0.0,FULL,2025-06-02,2025,FPL,0.3788194355831486
"Disco ""fenobond"" 178x22",DOBLE A-LIJA,1000.0,1000.0,0.0,FULL,2025-06-02,2025,DOBLE A-LIJA,1.2115423772157727
"Disco ""fenobond"" 115x22 36",DOBLE A-LIJA,500.0,500.0,0.0,FULL,2025-06-02,2025,DOBLE A-LIJA,0.3788194355831486
Punta aletada miniflex 50 x 30 #40,CORMET,200.0,200.0,0.0,FULL,2025-06-02,2025,CORMET,-0.12081432939642582
Punta aletada miniflex 70 x 30 #40,CORMET,200.0,200.0,0.0,FULL,2025-06-02,2025,CORMET,-0.12081432939642582
Aerosol smart paint aa naranja 350 ml/250g,DOBLE A-ARF,60.0,60.0,0.0,FULL,2025-06-02,2025,DOBLE A-ARF,-0.3539767530535606
Aerosol smart paint aa azul 350 ml/250g,DOBLE A-ARF,60.0,60.0,0.0,FULL,2025-06-02,2025,DOBLE A-ARF,-0.3539767530535606
Aerosol smart paint aa verde 350 ml/250g,DOBLE A-ARF,60.0,60.0,0.0,FULL,2025-06-02,2025,DOBLE A-ARF,-0.3539767530535606
Aerosol smart paint aa rojo 350 ml/250g,DOBLE A-ARF,60.0,60.0,0.0,FULL,2025-06-02,2025,DOBLE A-ARF,-0.3539767530535606
Aerosol smart paint aa amarillo 350ml/250g,DOBLE A-ARF,60.0,60.0,0.0,FULL,2025-06-02,2025,DOBLE A-ARF,-0.3539767530535606
Mecha / broca a. rapido a114 10.00mm,DORMER,20.0,20.0,0.0,FULL,2025-06-02,2025,DORMER,-0.42059458838417046
Mecha / broca a. rapido punta titanio a002 8.00mm,DORMER,20.0,20.0,0.0,FULL,2025-06-02,2025,DORMER,-0.42059458838417046
"Fischer - mecha acero rapido hss din 338 f3 6,50 mm",AGROREDES,20.0,20.0,0.0,FULL,2025-06-02,2025,AGROREDES,-0.42059458838417046
Mecha / broca a. rapido punta titanio a002 4.00mm,DORMER,20.0,20.0,0.0,FULL,2025-06-02,2025,DORMER,-0.42059458838417046
Mecha / broca a. rapido a114 12.00mm,DORMER,20.0,20.0,0.0,FULL,2025-06-02,2025,DORMER,-0.42059458838417046
Polietileno negro premium 3 mtrs x50 mtrs micr 200 negro,AGROREDES,500.0,500.0,0.0,FULL,2025-06-02,2025,AGROREDES,0.3788194355831486
Bolsa rafia 40 x 60,AGROMARC,1200.0,1200.0,0.0,FULL,2025-06-02,2025,AGROMARC,1.5446315538688222
Film stretch 0.5x350 virgen,AGROREDES,20.0,20.0,0.0,FULL,2025-06-02,2025,AGROREDES,-0.42059458838417046
"Pantalon cargo ripstop ""pampero""- beige 40",PAMPERO,2.0,2.0,0.0,FULL,2025-06-02,2025,PAMPERO,-0.450572614282945
Balde plastico 14 lts. con pico,SINA,50.0,50.0,0.0,FULL,2025-05-22,2025,SINA,-0.37063121188621306
Baterias 9 v,FERRETERIA,20.0,20.0,0.0,FULL,2025-05-22,2025,FERRETERIA,-0.42059458838417046
Detergente cristalino zap 5 l,SINA,60.0,60.0,0.0,FULL,2025-05-22,2025,SINA,-0.3539767530535606
Bidon lavandina x 5 lt p/prod.envasado,SINA,60.0,60.0,0.0,FULL,2025-05-22,2025,SINA,-0.3539767530535606
Blem aero madera original 360cc,JHONSON,600.0,600.0,0.0,FULL,2025-05-22,2025,JHONSON,0.5453640239096734
Bolsas 90 x120 cm rojas 80 micrones,FASTER BAGS,2000.0,2000.0,0.0,FULL,2025-05-22,2025,FASTER BAGS,2.8769882604810206
Bolsas 90 x120 cm verdes 80 micrones,FASTER BAGS,2000.0,2000.0,0.0,FULL,2025-05-22,2025,FASTER BAGS,2.8769882604810206
Bolsas 90 x120 cm amarillas 80 micrones,FASTER BAGS,2000.0,2000.0,0.0,FULL,2025-05-22,2025,FASTER BAGS,2.8769882604810206
Bolsa azul 100x120    -cada una-,FASTER BAGS,1000.0,1000.0,0.0,FULL,2025-05-22,2025,FASTER BAGS,1.2115423772157727
Porta bobina industrial de pie,MAKROCORP,20.0,20.0,0.0,FULL,2025-05-22,2025,MAKROCORP,-0.42059458838417046
Escoba escobillon 6h cerda 100cm,FERRETERIA,20.0,20.0,0.0,FULL,2025-05-22,2025,FERRETERIA,-0.42059458838417046
Escoba sina 7 cm base plastica,SINA,100.0,100.0,0.0,FULL,2025-05-22,2025,SINA,-0.28735891772295064
Escurridor para balde oval 14 l. sina,GEN21,40.0,40.0,0.0,FULL,2025-05-22,2025,GEN21,-0.38728567071886555
Franela sina 100% algodon 40*50,SINA,500.0,500.0,0.0,FULL,2025-05-22,2025,SINA,0.3788194355831486
Glade aerosol 360cc harmony,JHONSON,600.0,600.0,0.0,FULL,2025-05-22,2025,JHONSON,0.5453640239096734
Lampazo mopa algodon pabilo retorcido,SINA,100.0,100.0,0.0,FULL,2025-05-22,2025,SINA,-0.28735891772295064
Limpiador pisos lavanda zap 5l - desodorante,SINA,300.0,300.0,0.0,FULL,2025-05-22,2025,SINA,0.045730258930099
Lysoform aerosol original 360cc,JHONSON,480.0,480.0,0.0,FULL,2025-05-22,2025,JHONSON,0.34551051791784365
Bobina de papel blanca 20cm doble hoja,SINA,1000.0,1000.0,0.0,FULL,2025-05-22,2025,SINA,1.2115423772157727
Raid mmm aerosol 5en1 360cc,JHONSON,1000.0,1000.0,0.0,FULL,2025-05-22,2025,JHONSON,1.2115423772157727
Secador sg blanco 50 ccm - industrial reforzado,SINA,100.0,100.0,0.0,FULL,2025-05-22,2025,SINA,-0.28735891772295064
Trapo de piso gris 48 x 62 aprox,SINA,500.0,500.0,0.0,FULL,2025-05-22,2025,SINA,0.3788194355831486
Tobera unica corta 15.00 mm rosca cuadrada 3p,SUMIG,130.0,130.0,0.0,FULL,2025-05-22,2025,SUMIG,-0.23739554122499318
Wd-40® 155g,CAMPI,24.0,24.0,0.0,FULL,2025-05-22,2025,CAMPI,-0.4139328048511095
Cepillo acero con mango plastico  4 x19 dogo,DOGO,30.0,20.0,10.0,PARCIAL,2025-05-22,2025,DOGO,-0.42059458838417046
"Nivel de aluminio - i-bean - 12""",BIASSONI,15.0,15.0,0.0,FULL,2025-05-22,2025,BIASSONI,-0.4289218178004967
"Nivel de aluminio - i-bean - 18""",BIASSONI,15.0,15.0,0.0,FULL,2025-05-22,2025,BIASSONI,-0.4289218178004967
Maza forjada - 2000 grs - con cabo de fibra,BIASSONI,15.0,15.0,0.0,FULL,2025-05-22,2025,BIASSONI,-0.4289218178004967
"Llave para caños, largo 555 mm, para caños hasta  2.1/2"", nacional",BAHCO,7.0,7.0,0.0,FULL,2025-05-22,2025,BAHCO,-0.44224538486661874
"Pinza biassoni pico loro multifix 10""",BIASSONI,10.0,10.0,0.0,FULL,2025-05-22,2025,BIASSONI,-0.43724904721682295
Destornillador mango goma  ph (+) #2 (ø6x125mm)  bremen®,BREMEN,10.0,10.0,0.0,FULL,2025-05-22,2025,BREMEN,-0.43724904721682295
Destornillador mango goma  pl (-) 6.5 (ø6x150mm)   bremen®,BREMEN,10.0,10.0,0.0,FULL,2025-05-22,2025,BREMEN,-0.43724904721682295
Escuadra con sombrero bremen® 300x200mm din 875/1,BREMEN,10.0,10.0,0.0,FULL,2025-05-22,2025,BREMEN,-0.43724904721682295
Escuadra con sombrero bremen® 500x330mm din 875/1,BREMEN,10.0,10.0,0.0,FULL,2025-05-22,2025,BREMEN,-0.43724904721682295
Caja de herramientas plast tayg n°12,TAYG,10.0,10.0,0.0,FULL,2025-05-22,2025,TAYG,-0.43724904721682295
Bolsa rafia 40 x 60,AGROMARC,4000.0,4000.0,0.0,FULL,2025-05-22,2025,AGROMARC,6.207880027011517
"Cabo madera pala 0,60  emp. metalica",FERRETERIA,40.0,40.0,0.0,FULL,2025-05-22,2025,FERRETERIA,-0.38728567071886555
Aislador del difusor de gas x 5 unidades - 500.1103,GEN21,15.0,15.0,0.0,FULL,2025-05-22,2025,GEN21,-0.4289218178004967
Cinta metrica evel premiumblok - automatica 8 mts,EVEL,20.0,20.0,0.0,FULL,2025-05-22,2025,EVEL,-0.42059458838417046
Cuchilla metalica retractil bremen® blist,BREMEN,10.0,10.0,0.0,FULL,2025-05-12,2025,BREMEN,-0.43724904721682295
"Zapatilla multiple p/escritorio 5 tomas + 2 usb - cable de 1,5 m",TBC,2.0,2.0,0.0,FULL,2025-05-12,2025,TBC,-0.450572614282945
Mecha / broca  a. rapido punta titanio a002 7.00mm,DORMER,10.0,10.0,0.0,FULL,2025-05-12,2025,DORMER,-0.43724904721682295
Mecha / broca  a. rapido punta titanio a002 10.00mm,DORMER,5.0,5.0,0.0,FULL,2025-05-12,2025,DORMER,-0.4455762766331492
Mecha hss (acero rapido)  ø 18.00mm  bremen®,BREMEN,2.0,2.0,0.0,FULL,2025-05-12,2025,BREMEN,-0.450572614282945
Cinta aisladora doble a negro 18 x 20,DOBLE A - CIN,200.0,200.0,0.0,FULL,2025-05-12,2025,DOBLE A - CIN,-0.12081432939642582
Cinta aisladora doble a azul 18 x 10,DOBLE A - CIN,60.0,60.0,0.0,FULL,2025-05-12,2025,DOBLE A - CIN,-0.3539767530535606
Cinta aisladora doble a rojo 18 x 10,DOBLE A - CIN,40.0,40.0,0.0,FULL,2025-05-12,2025,DOBLE A - CIN,-0.38728567071886555
"Pinza universal - 8""",BIASSONI,8.0,8.0,0.0,FULL,2025-05-12,2025,BIASSONI,-0.44057993898335346
Cinta metrica evel premiumblok - automatica 8 mts,EVEL,15.0,15.0,0.0,FULL,2025-05-12,2025,EVEL,-0.4289218178004967
"Pava electrica ""tempomate""",LILIANA,1.0,1.0,0.0,FULL,2025-05-12,2025,LILIANA,-0.4522380601662102
"Nivel biassoni torpedo 9"" b/magnetica",BIASSONI,10.0,10.0,0.0,FULL,2025-05-12,2025,BIASSONI,-0.43724904721682295
Polietileno negro premium 3 mtrs x50 mtrs micr 200 negro,AGROREDES,500.0,500.0,0.0,FULL,2025-05-12,2025,AGROREDES,0.3788194355831486
Base fijadora 25x25mm c/adhes ng (x100u),SCHNEIDER E,2.0,2.0,0.0,FULL,2025-05-12,2025,SCHNEIDER E,-0.450572614282945
Cerradura prive art. 207,FERRETERIA,2.0,2.0,0.0,FULL,2025-05-12,2025,FERRETERIA,-0.450572614282945
Acople rapido de aire completo de 1/4,FERRETERIA,2.0,2.0,0.0,FULL,2025-05-12,2025,FERRETERIA,-0.450572614282945
"Mecha escalonada con medidas en el exterior,  para taladrar de 6 a 30",EINHELL,1.0,1.0,0.0,FULL,2025-05-12,2025,EINHELL,-0.4522380601662102
Manija pado - bmw acqua star rq2 774i cra cromado satinado,FERRETERIA,2.0,2.0,0.0,FULL,2025-05-12,2025,FERRETERIA,-0.450572614282945
"Pantalon cargo fit ""pampero""  beige t 50",PAMPERO,1.0,1.0,0.0,FULL,2025-05-12,2025,PAMPERO,-0.4522380601662102
Zapato damont gris descarne gamuzado t.38,KAMET,1.0,1.0,0.0,FULL,2025-05-12,2025,KAMET,-0.4522380601662102
Zapato dager negro punta de acero t.43,KAMET,1.0,1.0,0.0,FULL,2025-05-12,2025,KAMET,-0.4522380601662102
Mecha / broca  a. rapido  a114 6.00mm,DORMER,10.0,10.0,0.0,FULL,2025-05-12,2025,DORMER,-0.43724904721682295
Mecha / broca  a. rapido  a114 8.00mm,DORMER,10.0,10.0,0.0,FULL,2025-05-12,2025,DORMER,-0.43724904721682295
Alcohol 70% x 5 lts - lutzer,LUTZER,50.0,50.0,0.0,FULL,2025-04-19,2025,LUTZER,-0.37063121188621306
Bialcohol 70% desinfeccion bidon x 5 lts,LUTZER,70.0,70.0,0.0,FULL,2025-04-19,2025,LUTZER,-0.3373222942209081
Balde plastico 12 lts. con pico,SINA,30.0,30.0,0.0,FULL,2025-04-19,2025,SINA,-0.40394012955151803
Bidon lavandina x 5 lt p/prod.envasado,SINA,300.0,300.0,0.0,FULL,2025-04-19,2025,SINA,0.045730258930099
Bolsas 90 x120 cm amarillas 80 micrones,FASTER BAGS,500.0,500.0,0.0,FULL,2025-04-19,2025,FASTER BAGS,0.3788194355831486
Bolsas 90 x120 cm rojas 80 micrones,FASTER BAGS,600.0,600.0,0.0,FULL,2025-04-19,2025,FASTER BAGS,0.5453640239096734
Escobilla baño con vaso - super,SINA,144.0,144.0,0.0,FULL,2025-04-19,2025,SINA,-0.2140792988592797
Franela sina 100% algodon 40*50,SINA,500.0,500.0,0.0,FULL,2025-04-19,2025,SINA,0.3788194355831486
Lysoform aerosol original 360cc,JHONSON,360.0,360.0,0.0,FULL,2025-04-19,2025,JHONSON,0.14565701192601388
Pulverizador sina® 1 l aprox. cilindrico,SINA,200.0,200.0,0.0,FULL,2025-04-19,2025,SINA,-0.12081432939642582
Raid mmm aerosol 5en1 360cc,JHONSON,450.0,450.0,0.0,FULL,2025-04-19,2025,JHONSON,0.29554714141988625
Rejilla california 45 x 42 aprox,SINA,400.0,400.0,0.0,FULL,2025-04-19,2025,SINA,0.21227484725662382
Secador de goma reforzado 40 cm,SINA,50.0,50.0,0.0,FULL,2025-04-19,2025,SINA,-0.37063121188621306
Trapo de piso gris 48 x 62 aprox,SINA,400.0,400.0,0.0,FULL,2025-04-19,2025,SINA,0.21227484725662382
Lampazo mopa algodon pabilo retorcido,SINA,100.0,100.0,0.0,FULL,2025-04-19,2025,SINA,-0.28735891772295064
Pala reforzada c- cabo y goma - sina - 1602000032,GEN21,30.0,30.0,0.0,FULL,2025-04-19,2025,GEN21,-0.40394012955151803
Mr musculo ext power gatillo 500 cc,JHONSON,12.0,12.0,0.0,FULL,2025-04-19,2025,JHONSON,-0.4339181554502925
Bolsa de residuos fgp 45 x 60 - pack x 30 bolsas,FERRETERIA,80.0,80.0,0.0,FULL,2025-04-19,2025,FERRETERIA,-0.3206678353882556
Flap plano-fibra   115mm-g  60,BULONFER,400.0,400.0,0.0,FULL,2025-04-19,2025,BULONFER,0.21227484725662382
Cinta metrica evel premiumblok - automatica 5 mts,EVEL,20.0,20.0,0.0,FULL,2025-04-19,2025,EVEL,-0.42059458838417046
Cinta metrica evel premiumblok - automatica 8 mts,EVEL,20.0,20.0,0.0,FULL,2025-04-19,2025,EVEL,-0.42059458838417046
Film stretch 0.5x350 virgen,AGROREDES,50.0,50.0,0.0,FULL,2025-04-19,2025,AGROREDES,-0.37063121188621306
Difusor ø 2.4mm wp-17/18/26,FERROLAN,200.0,200.0,0.0,FULL,2025-04-19,2025,FERROLAN,-0.12081432939642582
Mordaza ø 2.4mm wpm-17/18/26,FERROLAN,200.0,200.0,0.0,FULL,2025-04-19,2025,FERROLAN,-0.12081432939642582
Polietileno negro premium 3 mtrs x50 mtrs micr 200 negro,AGROREDES,1000.0,1000.0,0.0,FULL,2025-04-19,2025,AGROREDES,1.2115423772157727
"Alambre tubular lincoln e71t-1c en 1,2m (x rollo de 15kg)",LINCOLN EQU,50.0,50.0,0.0,FULL,2025-04-19,2025,LINCOLN,-0.37063121188621306
"Abrazadera imp. 14-27mm - 1""",FERRETERIA,10.0,10.0,0.0,FULL,2025-01-23,2025,FERRETERIA,-0.43724904721682295
"Abrazadera perfecto 12mm 23-35 (1.1/4"")",FERRETERIA,10.0,10.0,0.0,FULL,2025-01-23,2025,FERRETERIA,-0.43724904721682295
"Abrazadera perfecto 9mm 40-60 (2.1/4"")",FERRETERIA,10.0,10.0,0.0,FULL,2025-01-23,2025,FERRETERIA,-0.43724904721682295
"Abrazadera perfecto 9mm 90-110 (4"")",FERRETERIA,10.0,10.0,0.0,FULL,2025-01-23,2025,FERRETERIA,-0.43724904721682295
"Abrazadera perfecto 7mm 8-12 (1/2"")",FERRETERIA,30.0,30.0,0.0,FULL,2025-01-23,2025,FERRETERIA,-0.40394012955151803
Cartucho smartsync 105a corte manual por arrastre,HYPERTHERM,15.0,15.0,0.0,FULL,2025-01-23,2025,HYPERTHERM,-0.4289218178004967
Chispero autogena zincado,FEROLAN,30.0,30.0,0.0,FULL,2025-01-23,2025,FEROLAN,-0.40394012955151803
Cinta aisladora doble a negro 18 x 10,DOBLE A,60.0,60.0,0.0,FULL,2025-01-23,2025,DOBLE A,-0.3539767530535606
Cinta metrica evel premiumblok - automatica 8 mts,EVEL,15.0,15.0,0.0,FULL,2025-01-23,2025,EVEL,-0.4289218178004967
Cinta metrica evel retroblok - automatica 5 mts,EVEL,15.0,15.0,0.0,FULL,2025-01-23,2025,EVEL,-0.4289218178004967
Difusor ø 2.4mm wp-17/18/26,FERROLAN,300.0,300.0,0.0,FULL,2025-01-23,2025,FERROLAN,0.045730258930099
Manguera industrial (traslucido) 12 x 18 mm 50 mts,TECNOCOM,250.0,250.0,0.0,FULL,2025-01-23,2025,TECNOCOM,-0.03754203523316341
Mordaza ø 2.4mm wpm-17/18/26,FERROLAN,200.0,200.0,0.0,FULL,2025-01-23,2025,FERROLAN,-0.12081432939642582
Polietileno negro premium 3 mtrs x50 mtrs micr 200 negro,AGROREDES,500.0,500.0,0.0,FULL,2025-01-23,2025,AGROREDES,0.3788194355831486
Puntas montadas a.1 gris,.,100.0,100.0,0.0,FULL,2025-01-23,2025,.,-0.28735891772295064
Puntas montadas a.2 gris,.,100.0,100.0,0.0,FULL,2025-01-23,2025,.,-0.28735891772295064
Puntas montadas a.3 gris,.,100.0,100.0,0.0,FULL,2025-01-23,2025,.,-0.28735891772295064
Soplete ferrolan 450,FERROLAN,10.0,10.0,0.0,FULL,2025-01-23,2025,FERROLAN,-0.43724904721682295
Busa / boquilla de ceramica nº 05 10n49,SUMIG,100.0,100.0,0.0,FULL,2025-01-23,2025,SUMIG,-0.28735891772295064
Busa wp/17/18/26 ø 12.7mm (1/2 # 8,FERROLAN,50.0,50.0,0.0,FULL,2025-01-23,2025,FERROLAN,-0.37063121188621306
Busa wp17/18/26 ø 11mm (7/16 ) # 7,FERROLAN,100.0,100.0,0.0,FULL,2025-01-23,2025,FERROLAN,-0.28735891772295064
Busa wp17/18/26 ø 10mm (3/8 ) # 6,FERROLAN,100.0,100.0,0.0,FULL,2025-01-23,2025,FERROLAN,-0.28735891772295064
Trapo stokinete 100% algodon por 10kg,TRAPOSLIM,30.0,30.0,0.0,FULL,2025-01-23,2025,TRAPOSLIM,-0.40394012955151803
"Fischer - mecha acero rapido hss din 338 f3 9,0 mm",FISCHER,20.0,20.0,0.0,FULL,2025-01-23,2025,FISCHER,-0.42059458838417046
"Fischer - mecha acero rapido hss din 338 f3 10,0 mm",FISCHER,20.0,20.0,0.0,FULL,2025-01-23,2025,FISCHER,-0.42059458838417046
"Fischer - mecha acero rapido hss din 338 f3 11,50 mm",FISCHER,20.0,20.0,0.0,FULL,2025-01-23,2025,FISCHER,-0.42059458838417046
Mecha / broca a. rapido a114 12.50mm,DORMER,10.0,10.0,0.0,FULL,2025-01-23,2025,DORMER,-0.43724904721682295
Mecha / broca a. rapido punta titanio a002 12.00mm,DORMER,10.0,10.0,0.0,FULL,2025-01-23,2025,DORMER,-0.43724904721682295
Picos g1 glp 16/10 ferrolan corte 50 a 80mm,FERROLAN,15.0,15.0,0.0,FULL,2025-01-23,2025,FERROLAN,-0.4289218178004967
Cepillo acero 6x19 sin mango 6 hileras,FERRETERIA,20.0,20.0,0.0,FULL,2025-01-23,2025,FERRETERIA,-0.42059458838417046
"Electrodo kiswell 7018 - 3,20 mm x kg",KSWELL,4000.0,4000.0,0.0,FULL,2025-01-23,2025,KSWELL,6.207880027011517
Macho caja roja ma 14 x 2.00,BULONFER,2.0,2.0,0.0,FULL,2025-01-23,2025,BULONFER,-0.450572614282945
Abrazadera imp. 14-27mm,,10.0,0.0,0.0,,2025-01-23,2025,,-0.45390350604947544
Abrazadera imp. 20-32mm - 3/4,,10.0,0.0,0.0,,2025-01-23,2025,,-0.45390350604947544
Abrazadera imp. 40-60mm - 3/4,,10.0,0.0,0.0,,2025-01-23,2025,,-0.45390350604947544
Abrazadera imp. 90-120mm - 3/4,,10.0,0.0,0.0,,2025-01-23,2025,,-0.45390350604947544
Abrazaderas de 8 a 12”,,30.0,0.0,0.0,,2025-01-23,2025,,-0.45390350604947544
Cartucho smartsync 105a corte manual por arrastre (hypertherm),,15.0,0.0,0.0,,2025-01-23,2025,,-0.45390350604947544
Chispero autogena zincado,,30.0,0.0,0.0,,2025-01-23,2025,,-0.45390350604947544
Cinta aisladora temflex 165 19mm x 18 mts negro,,60.0,0.0,0.0,,2025-01-23,2025,,-0.45390350604947544
Cinta metrica dogo 8 mts,,15.0,0.0,0.0,,2025-01-23,2025,,-0.45390350604947544
Cinta metrica evel c/freno/enganche 5 mts,,15.0,0.0,0.0,,2025-01-23,2025,,-0.45390350604947544
Difusor ø 2.4mm wp-17/18/26,,300.0,0.0,0.0,,2025-01-23,2025,,-0.45390350604947544
Manguera industrial (traslucido) 12 x 18 mm 50 mts,,0.0,0.0,0.0,,2025-01-23,2025,,-0.45390350604947544
Mordaza ø 2.4mm wpm-17/18/26,,200.0,0.0,0.0,,2025-01-23,2025,,-0.45390350604947544
Polietileno negro premium 3 mtrs x50 mtrs micr 200 negro,,10.0,0.0,0.0,,2025-01-23,2025,,-0.45390350604947544
Puntas montadas a.1 gris,,100.0,0.0,0.0,,2025-01-23,2025,,-0.45390350604947544
Puntas montadas a.2 gris,,100.0,0.0,0.0,,2025-01-23,2025,,-0.45390350604947544
Puntas montadas a.3 gris,,100.0,0.0,0.0,,2025-01-23,2025,,-0.45390350604947544
Soplete ferrolan 450,,10.0,0.0,0.0,,2025-01-23,2025,,-0.45390350604947544
Tobera ceramica gr 5 17/18/26 10n49 tp,,100.0,0.0,0.0,,2025-01-23,2025,,-0.45390350604947544
Tobera ceramica gr 6 17/18/26 10n48 tp,,100.0,0.0,0.0,,2025-01-23,2025,,-0.45390350604947544
Tobera ceramica gr 7 17/18/26 10n47 tp,,100.0,0.0,0.0,,2025-01-23,2025,,-0.45390350604947544
Tobera ceramica gr 8 17/18/26 10n46 tp,,50.0,0.0,0.0,,2025-01-23,2025,,-0.45390350604947544
Trapo stokinete 100% algodón por 10kg,,0.0,0.0,0.0,,2025-01-23,2025,,-0.45390350604947544
Mechas a.r. nº 9,,20.0,0.0,0.0,,2025-01-23,2025,,-0.45390350604947544
Mechas a.r. nº 10,,20.0,0.0,0.0,,2025-01-23,2025,,-0.45390350604947544
Mechas a.r. nº 11,,20.0,0.0,0.0,,2025-01-23,2025,,-0.45390350604947544
Mechas a.r. nº 12,,20.0,0.0,0.0,,2025-01-23,2025,,-0.45390350604947544
Pico oxicorte propano 16/10,,15.0,0.0,0.0,,2025-01-23,2025,,-0.45390350604947544
Cepillo acero mango plastico,,20.0,0.0,0.0,,2025-01-23,2025,,-0.45390350604947544
Macho milimetrico w 14 x 2,,2.0,0.0,0.0,,2025-01-23,2025,,-0.45390350604947544
"Electrodo conarco 18 3,25 mm x 350mm",,0.0,0.0,0.0,,2025-01-23,2025,,-0.45390350604947544
"Patroll - discos diamantados continuo ø 4.5"" - ø interior 22,2 mm",ALIAFOR,5.0,0.0,5.0,,2026-03-06,2026,ALIAFOR,-0.45390350604947544
"Disco continuo 7"" - interior 22,2mm",ALIAFOR,5.0,0.0,5.0,,2026-03-06,2026,ALIAFOR,-0.45390350604947544
"Patroll - discos diamantados segmentado ø 4,5"" - ø interior 22,2 mm",ALIAFOR,5.0,5.0,0.0,FULL,2026-03-06,2026,ALIAFOR,-0.4455762766331492
"Disco segmentado 7"" - interior 22,2mm",ALIAFOR,5.0,0.0,5.0,,2026-03-06,2026,ALIAFOR,-0.45390350604947544
Fpl rizado 4 1/2  pulgadas tuerca m14 inox,FPL,300.0,0.0,300.0,,2026-03-06,2026,FPL,-0.45390350604947544
Electrodo bohler 8018-c3 en 3.2mm,BOHLER,60.0,0.0,60.0,,2026-03-06,2026,BOHLER,-0.45390350604947544
Electrodo easyarc 7018 / 2.60 mm x 350 mm,LINCOLN ELE,1000.0,470.0,530.0,PARCIAL,2026-03-06,2026,LINCOLN ELE,0.32885605908519117
"Electrodo kiswell  7018 -  3,20 mm  x kg",KISWELL,3000.0,0.0,3000.0,,2026-03-06,2026,KISWELL,-0.45390350604947544
"Electrodo kiswell  7018 - 4,00 mm x kg",KISWELL,1000.0,500.0,500.0,PARCIAL,2026-03-06,2026,KISWELL,0.3788194355831486
"Electrodo conarco 18 2,50 mm x kg",CONARCO,2000.0,1200.0,800.0,PARCIAL,2026-03-06,2026,CONARCO,1.5446315538688222
Varilla lincoln® er80s-ni1 - 3/32 in (2.4 mm),LINCOLN CON,30.0,20.0,10.0,PARCIAL,2026-03-06,2026,LINCOLN CON,-0.42059458838417046
Acop 1/4v macho/cab 12.9 mm p/c,FERROLAN,100.0,15.0,85.0,PARCIAL,2026-03-06,2026,FERROLAN,-0.4289218178004967
Pinza porta elect. helictor 600,HELICTOR,30.0,0.0,30.0,,2026-03-06,2026,HELICTOR,-0.45390350604947544
Pinza porta masa helictor 600,HELICTOR,30.0,0.0,30.0,,2026-03-06,2026,HELICTOR,-0.45390350604947544
Tubo de contacto m8x30mm diam 0.9,FERROLAN,10.0,0.0,10.0,,2026-03-06,2026,FERROLAN,-0.45390350604947544
Cristal incoloro rectan.105x50,BULONFER,6000.0,3000.0,3000.0,PARCIAL,2026-03-06,2026,BULONFER,4.542434143746269
"Disco ""fenobond"" 178x22   36",DOBLE A - LIJ,3000.0,3000.0,0.0,FULL,2026-03-06,2026,DOBLE A,4.542434143746269
"Disco de corte std for inox 115x1,6mm",BOSCH,3000.0,3000.0,0.0,FULL,2026-03-06,2026,BOSCH,4.542434143746269
"Disco corte plano bna 12 177,8x1,6x22,2",NORTON,3000.0,0.0,3000.0,,2026-03-06,2026,NORTON,-0.45390350604947544
Flap plano-fibra   180mm-g  40,BULONFER,500.0,0.0,500.0,,2026-03-06,2026,BULONFER,-0.45390350604947544
Bialcohol 70% desinfeccion bidon x 5 lts,PORTA,120.0,120.0,0.0,FULL,2026-03-06,2026,PORTA,-0.25405000005764566
Busa wp/17/18/26 ø 12.7mm (1/2 # 8,FERROLAN,100.0,0.0,100.0,,2026-03-06,2026,FERROLAN,-0.45390350604947544
Busa wp17/18/26 ø 11mm (7/16 ) # 7,FERROLAN,200.0,0.0,200.0,,2026-03-06,2026,FERROLAN,-0.45390350604947544
Busa wp17/18/26 ø 10mm (3/8 ) # 6,FERROLAN,200.0,0.0,200.0,,2026-03-06,2026,FERROLAN,-0.45390350604947544
Polietileno negro premium 3 x 50 mt  micr 200 negro,AGROREDES,1500.0,950.0,550.0,PARCIAL,2026-03-06,2026,AGROREDES,1.1282700830525103
Film stretch 50 cm x 350 mt negro,BIOBEN,100.0,100.0,0.0,FULL,2026-03-06,2026,BIOBEN,-0.28735891772295064
Tenaza biassoni armador 1/2 corte  12,BIASSONI,30.0,0.0,30.0,,2026-03-06,2026,BIASSONI,-0.45390350604947544
Martillo gardex cabo fibra 400gr bolita,FERRETERIA,20.0,4.0,16.0,PARCIAL,2026-03-06,2026,FERRETERIA,-0.4472417225164145
Martillo galponero - 27 mm - mango de fibra,BIASSONI,30.0,0.0,30.0,,2026-03-06,2026,BIASSONI,-0.45390350604947544
"Kit de repuestos 5-6-8-xl-10""  (resorte, perno, chaveta y arandela)",BARBERO,15.0,0.0,15.0,,2026-03-06,2026,BARBERO,-0.45390350604947544
Tornillo completo laminado n° 8,BARBERO,15.0,0.0,15.0,,2026-03-06,2026,BARBERO,-0.45390350604947544
Juego mordazas morsa nro 8 - xl,BARBERO,15.0,0.0,15.0,,2026-03-06,2026,BARBERO,-0.45390350604947544
Tuerca morsa n° 5-6-8- xl,BARBERO,15.0,0.0,15.0,,2026-03-06,2026,BARBERO,-0.45390350604947544
Silicona acetica construccion 270ml / 256gr tte,TEKBOND,12.0,0.0,12.0,,2026-03-06,2026,TEKBOND,-0.45390350604947544
Cinta 903 48 x 40,DOBLE A - CIN,1000.0,0.0,1000.0,,2026-03-06,2026,DOBLE A - CIN,-0.45390350604947544
Cinta transparente c292 48 x 40,DOBLE A - CIN,1000.0,0.0,1000.0,,2026-03-06,2026,DOBLE A - CIN,-0.45390350604947544
Aerosol smart paint aa negro brillante  350ml/250g,DOBLE A - AE,72.0,0.0,72.0,,2026-03-06,2026,DOBLE A,-0.45390350604947544
Aerosol smart paint aa blanco mate 350ml/250g,DOBLE A - AE,72.0,0.0,72.0,,2026-03-06,2026,DOBLE A,-0.45390350604947544
Aerosol smart paint aa rojo  350 ml/250g,DOBLE A - AE,72.0,0.0,72.0,,2026-03-06,2026,DOBLE A,-0.45390350604947544
Aerosol smart paint aa amarillo  350ml/250g,DOBLE A - AE,72.0,0.0,72.0,,2026-03-06,2026,DOBLE A,-0.45390350604947544
Aerosol smart paint aa azul  350 ml/250g,DOBLE A - AE,72.0,0.0,72.0,,2026-03-06,2026,DOBLE A,-0.45390350604947544
Aerosol smart paint aa verde  350 ml/250g,DOBLE A - AE,72.0,0.0,72.0,,2026-03-06,2026,DOBLE A,-0.45390350604947544
Richi - ficha domic 2x10a+t macho,RICHI,20.0,20.0,0.0,FULL,2026-03-06,2026,RICHI,-0.42059458838417046
Ficha movil 2p+t 16a 230v ip44,CONEXTUBE,100.0,0.0,100.0,,2026-03-06,2026,CONEXTUBE,-0.45390350604947544
Estaño line - rollo de 1.5mts -40%,FERRETERIA,20.0,20.0,0.0,FULL,2026-03-06,2026,FERRETERIA,-0.42059458838417046
Trapo stokinete 100% algodon por 10kg,TRAPOSLIMP,50.0,50.0,0.0,FULL,2026-03-06,2026,TRAPOSLIMP,-0.37063121188621306
"Driver led, dc 32-39v 60w 1400ma, entrada: ac100-240v",DEMASLED,30.0,1.0,29.0,PARCIAL,2026-03-06,2026,DEMASLED,-0.4522380601662102
Cinta aisladora doble a celeste 18 x 10,DOBLE A - CIN,300.0,25.0,275.0,PARCIAL,2026-03-06,2026,DOBLE A - CIN,-0.4122673589678443
Cinta aisladora doble a verde 18 x 10,DOBLE A - CIN,300.0,0.0,300.0,,2026-03-06,2026,DOBLE A - CIN,-0.45390350604947544
Cinta pvc tacsa aislante 20 mt. amarilla,FERRETERIA,300.0,10.0,290.0,PARCIAL,2026-03-06,2026,FERRETERIA,-0.43724904721682295
Candado de bronce cr-50 doble traba papaiz,PROTEC,15.0,0.0,15.0,,2026-03-06,2026,PROTEC,-0.45390350604947544
Hoja sierra sin-par bimetalica 24 d,SIN-PAR,200.0,200.0,0.0,FULL,2026-03-06,2026,SIN-PAR,-0.12081432939642582
"Nivel de aluminio - i-bean - 12""",BIASSONI,20.0,0.0,20.0,,2026-03-06,2026,BIASSONI,-0.45390350604947544
"Nivel de aluminio - i-bean - 18""",BIASSONI,20.0,19.0,1.0,PARCIAL,2026-03-06,2026,BIASSONI,-0.42226003426743575
Escuadra con sombrero bremen® 300x200mm din 875/1,BREMEN,10.0,5.0,5.0,PARCIAL,2026-03-06,2026,BREMEN,-0.4455762766331492
Hilo entizado (chocla) 30mts con 100gs de tiza,FERRETERIA,20.0,20.0,0.0,FULL,2026-03-06,2026,FERRETERIA,-0.42059458838417046
Ferrite colorante rojo 114 x 1 kg,PIGMENTOS P,5.0,0.0,5.0,,2026-03-06,2026,PIGMENTOS P,-0.45390350604947544
Ferrite azul x 1kg,DIPROEL,5.0,5.0,0.0,FULL,2026-03-06,2026,DIPROEL,-0.4455762766331492
"Lima bremen® redonda bastarda 12"" c/cabo y blister",BREMEN,15.0,13.0,2.0,PARCIAL,2026-03-06,2026,BREMEN,-0.4322527095670272
La gotita® profesional 10ml,CAMPI,10.0,10.0,0.0,FULL,2026-03-06,2026,CAMPI,-0.43724904721682295
"Broca escalonada hss 13 escalones 6-30mm (largo completo 93,5mm)",BOSCH,2.0,0.0,2.0,,2026-03-06,2026,BOSCH,-0.45390350604947544
Mecha / broca  a. rapido  a114 4.00mm,DORMER,10.0,0.0,10.0,,2026-03-06,2026,DORMER,-0.45390350604947544
Mecha / broca  a. rapido  a114 6.00mm,DORMER,10.0,0.0,10.0,,2026-03-06,2026,DORMER,-0.45390350604947544
Mecha / broca  a. rapido  a114 8.00mm,DORMER,10.0,0.0,10.0,,2026-03-06,2026,DORMER,-0.45390350604947544
Mecha / broca  a. rapido  a114 10.00mm,DORMER,10.0,0.0,10.0,,2026-03-06,2026,DORMER,-0.45390350604947544
Mecha / broca  a. rapido  a114 12.00mm,DORMER,10.0,0.0,10.0,,2026-03-06,2026,DORMER,-0.45390350604947544
Mango para propano,ALCARDUPLE,10.0,10.0,0.0,FULL,2026-03-06,2026,ALCARDUPLE,-0.43724904721682295
Caño adap. quemador 650mm,ALCARDUPLE,10.0,10.0,0.0,FULL,2026-03-06,2026,ALCARDUPLE,-0.43724904721682295
Quemador nº 6 (61mm),ALCARDUPLE,10.0,10.0,0.0,FULL,2026-03-06,2026,ALCARDUPLE,-0.43724904721682295
"Alambre tubular lincoln e71t-1c en 1,2m (x rollo de 15kg)",LINCOLN EQU,50.0,0.0,50.0,,2026-03-06,2026,LINCOLN,-0.45390350604947544
"Alambre dual shield 7100 lh 1,2 mm 16 kg",CONARCO,50.0,0.0,50.0,,2026-03-06,2026,CONARCO,-0.45390350604947544
Handy baofeng vt-c2 x par,BAOFENG,1.0,0.0,1.0,,2026-03-06,2026,BAOFENG,-0.45390350604947544
Candado hierro castle 40mm doble traba,CASTLE,40.0,0.0,40.0,,2026-03-06,2026,CASTLE,-0.45390350604947544
Manguera industrial (traslucido) 12 x 15 mm 50 mts,TECNOCOM,500.0,0.0,500.0,,2026-03-06,2026,TECNOCOM,-0.45390350604947544
Soga trenzada 10 mm x metro,NAVEGANTE,500.0,0.0,500.0,,2026-03-06,2026,NAVEGANTE,-0.45390350604947544
Soga trenzada 12 mm x metro,NAVEGANTE,500.0,0.0,500.0,,2026-03-06,2026,NAVEGANTE,-0.45390350604947544
Llave para caños heavy duty,BAHCO,5.0,0.0,5.0,,2026-03-06,2026,BAHCO,-0.45390350604947544
"Llave para caños, largo 555 mm, para caños hasta  2.1/2"", nacional",BAHCO,5.0,0.0,5.0,,2026-03-06,2026,BAHCO,-0.45390350604947544
Set repuestos bidones driven,DRIVEN,20.0,0.0,20.0,,2026-03-06,2026,DRIVEN,-0.45390350604947544
Bidon de combustible profesional 20 lts (rojo) bp20-r,DOGO,10.0,0.0,10.0,,2026-03-06,2026,DOGO,-0.45390350604947544
Rueda neumatica 3.25 mm bujes 1/2-5/8-1 carretilla,FERRETERIA,20.0,0.0,20.0,,2026-03-06,2026,FERRETERIA,-0.45390350604947544
Rueda maciza de carretilla 380 x 90,MECANOBRA,20.0,0.0,20.0,,2026-03-06,2026,MECANOBRA,-0.45390350604947544
Escuadra con sombrero bremen® 150x100mm din 875/1,BREMEN,10.0,10.0,0.0,FULL,2026-03-06,2026,BREMEN,-0.43724904721682295
Pila energizer max  aaa blx4 e92 max,ENERGIZER,100.0,14.0,86.0,PARCIAL,2026-03-06,2026,ENERGIZER,-0.430587263683762
Sellador ms hibrido blanco cartucho 250ml/400grs,TEKBOND,12.0,12.0,0.0,FULL,2026-03-06,2026,TEKBOND,-0.4339181554502925
Mecha / broca  a. rapido punta titanio a002 16.00mm,DORMER,10.0,0.0,10.0,,2026-03-06,2026,DORMER,-0.45390350604947544
